Kit ID,Title,Bushing IDs,Category
PK50RBX,50 Caliber Machine Gun Cartridge Rollerball Flip Pen Kit,PK50RBU,Bullet Cartridge Pen Kits
PK10-RP2,Traditional 24kt Gold Rollerball Pen Kit,PK10-BUSH3,Traditional Pen Kits
PK10-FP2,Traditional Gold Fountain Pen Kit,PK10-BUSH3,Traditional Pen Kits
PK30M,Mini 30 Caliber Bullet Cartridge Twist Pen,PKM-BUSH3,Bullet Cartridge Pen Kits
PK50CAL,50 Caliber Machine Gun Bullet Cartridge Twist Pen Kit,PK50CALBU,Bullet Cartridge Pen Kits
PKA100,Knights Armor Twist Pen in Antique Pewter,PKMAJSQBU,Knights Armor Pen Kits
PK50CALP,50 Caliber Machine Gun Bullet Cartridge Twist Pen Kit with Parker Style Refill,PK50CALPBU,Bullet Cartridge Pen Kits
PK50BPX,50 Caliber Machine Gun Cartridge Ball Point Flip Pen Kit,PK50RBU,Bullet Cartridge Pen Kits
PKABGM,American Beauty Gun Metal Twist Pen Kit,PKABBU,American Beauty Pen Kits
PKA110,Knights Armor Twist Pen in Antique Brass,PKMAJSQBU,Knights Armor Pen Kits
PKABCH,American Beauty Chrome Twist Pen Kit,PKABBU,American Beauty Pen Kits
PKANVAL,Anvil EDC Click Pen Kit in 6061-T6 Aluminum,PKANVBU,Anvil EDC Pen Kits
PKANVBR,Anvil EDC Click Pen Kit in C3604 Brass,PKANVBU,Anvil EDC Pen Kits
PKANVBKAL,Anvil EDC Click Pen Kit in 6061-T6 Black Anodized Aluminum,PKANVBU,Anvil EDC Pen Kits
PKABSC,American Beauty Satin Chrome Twist Pen Kit,PKABBU,American Beauty Pen Kits
PKANVGM,Anvil EDC Click Pen Kit in Gun Metal,PKANVBU,Anvil EDC Pen Kits
PKABSGM,American Beauty Satin Gun Metal Twist Pen Kit,PKABBU,American Beauty Pen Kits
PKANVST,Anvil EDC Click Pen Kit in 303 Stainless Steel,PKANVBU,Anvil EDC Pen Kits
PKART5B,Broadwell Art Deco Gold TN and Chrome Ball Point Pen Kit,PKMAJSQBU,Broadwell Art Deco Pen Kits
PKASTRAAB,Astra Antique Brass Twist Pen Kit,PKASTRABU,Astra Pen Kits
PKASTRAAP,Astra Antique Pewter Twist Pen Kit,PKASTRABU,Astra Pen Kits
PKASTRACH,Astra Chrome Twist Pen Kit,PKASTRABU,Astra Pen Kits
PKASTRAGD,Astra Golden Twist Pen Kit,PKASTRABU,Astra Pen Kits
PKASTRAGM,Astra Gun Metal Twist Pen Kit,PKASTRABU,Astra Pen Kits
PKATHPSC,Aromatherapy Satin Chrome Twist Pen Kit,PKPUTBU,Aromatherapy Pen Kits
PKAUTOAB,Semi Automatic Rifle Antique Brass Side Action Click Pen Kit,PKAUTOBU,Semi Automatic Rifle Pen Kits
PKAUTOAP,Semi Automatic Rifle Antique Pewter Side Action Click Pen Kit,PKAUTOBU,Semi Automatic Rifle Pen Kits
PKBIG,Big Ben Gold Twist Pen Kit,PKBIG-BU,Big Ben Cigar Pen Kits
PKBCPRG,Breast Cancer Awareness Copper with Pink Crystals Twist Pen Kit,PKBCPBU,Breast Cancer Awareness Pen Kits
PKBCPCH,Breast Cancer Awareness Chrome with Pink Crystals Twist Pen Kit,PKBCPBU,Breast Cancer Awareness Pen Kits
PKBIGAB,Big Ben Antique Brass Twist Pen Kit,PKBIG-BU,Big Ben Cigar Pen Kits
PKBIGS,Big Ben Brushed Satin Twist Pen Kit,PKBIG-BU,Big Ben Cigar Pen Kits
PKBIGEDCCH,Big Ben EDC Chrome Click Pen Kit,PKBIGEDCBU,Big Ben Cigar Pen Kits
PKBIGTTA,Big Ben Gold and Gun Metal Two Tone Cigar Pen Kit,PKBIG-BU,Big Ben Cigar Pen Kits
PKBIGEDCGM,Big Ben EDC Gun Metal Click Pen Kit,PKBIGEDCBU,Big Ben Cigar Pen Kits
PKBIGEDCGC,Big Ben EDC Golden and Chrome Click Pen Kit,PKBIGEDCBU,Big Ben Cigar Pen Kits
PKBIGEDCGG,Big Ben EDC Golden and Gun Metal Click Pen Kit,PKBIGEDCBU,Big Ben Cigar Pen Kits
PKBIGAC,Big Ben Antique Copper Twist Pen Kit,PKBIG-BU,Big Ben Cigar Pen Kits
PKBIGP,Big Ben Chrome Twist Pen Kit,PKBIG-BU,Big Ben Cigar Pen Kits
PKBIGGM,Big Ben Gun Metal Twist Pen Kit,PKBIG-BU,Big Ben Cigar Pen Kits
PKBIGTTB,Big Ben Gold and Chrome Two Tone Cigar Pen Kit,PKBIG-BU,Big Ben Cigar Pen Kits
PKBIRD24,Bird 24kt Gold Twist Pen Kit,PKFEDBU,Bird Pen Kits
PKBIRDSG,Bird Satin Gun Metal Twist Pen Kit,PKFEDBU,Bird Pen Kits
PKBIRDAB,Bird Antique Brass Twist Pen Kit,PKFEDBU,Bird Pen Kits
PKCARPBR,Mechanical Carpenters Pencil Kit in Brass,PKMAJSQBU,Mechanical Pencil Kits
PKBIRDCH,Bird Chrome Twist Pen Kit,PKFEDBU,Bird Pen Kits
PKBOTANAB,Botanical Antique Brass Twist Pen Kit,PKCTRBU,Botanical Pen Kits
PKCARPCH,Mechanical Carpenters Pencil Kit in Chrome,PKMAJSQBU,Mechanical Pencil Kits
PKCARPGM,Mechanical Carpenters Pencil Kit in Gun Metal,PKMAJSQBU,Mechanical Pencil Kits
PKCCP24,Credit Card 24kt Gold Twist Pen Kit,PKM-BUSH3,Specialty Pen Kits
PKCCP,Credit Card Brushed Satin Twist Pen Kit,PKM-BUSH3,Specialty Pen Kits
PKCATAB,Cat Antique Brass Twist Pen Kit,PKSHAKEBU,Cat Pen Kits
PKCAT24,Cat Gold Twist Pen Kit,PKSHAKEBU,Cat Pen Kits
PKCATAP,Cat Antique Pewter Twist Pen Kit,PKSHAKEBU,Cat Pen Kits
PKCATCH,Cat Chrome Twist Pen Kit,PKSHAKEBU,Cat Pen Kits
PKCATORB,Cat Oil Rubbed Bronze Twist Pen Kit,PKSHAKEBU,Cat Pen Kits
PKCCPC,Credit Card Chrome Twist Pen Kit,PKM-BUSH3,Specialty Pen Kits
PKCFFUN24,Funline Comfort Economy Gold Twist Pen Kit,PKCFBUSH,Funline Pen Kits
PKCFFUNCH,Funline Comfort Chrome Twist Pen Kit,PKCFBUSH,Funline Pen Kits
PKCFFUNCO,Funline Comfort Copper Twist Pen Kit,PKCFBUSH,Funline Pen Kits
PKCFPCL,Comfort Gold Pencil Kit,PKCFBUSH,Comfort Pen Kits
PKCFFUNGM,Funline Comfort Gun Metal Twist Pen Kit,PKCFBUSH,Funline Pen Kits
PKCFFUNSP,Funline Comfort Satin Pearl Twist Pen Kit,PKCFBUSH,Funline Pen Kits
PKCFPEN,Comfort Gold Twist Pen Kit,PKCFBUSH,Comfort Pen Kits
PKCFFUNSG,Funline Comfort Satin Gold Twist Pen Kit,PKCFBUSH,Funline Pen Kits
PKCFPENAB,Comfort Antique Brass Twist Pen Kit,PKCFBUSH,Comfort Pen Kits
PKCFPENB,Comfort Black Enamel Twist Pen Kit,PKCFBUSH,Comfort Pen Kits
PKCFPENBT,Comfort Gun Metal Twist Pen Kit,PKCFBUSH,Comfort Pen Kits
PKCFPENP,Comfort Chrome Twist Pen Kit,PKCFBUSH,Comfort Pen Kits
PKCFPENS,Comfort Brushed Satin Twist Pen Kit,PKCFBUSH,Comfort Pen Kits
PKCFPENRG,Comfort Copper Twist Pen Kit,PKCFBUSH,Comfort Pen Kits
PKCFPENTN,Comfort Gold Titanium Nitride Twist Pen Kit,PKCFBUSH,Comfort Pen Kits
PKCHPEN2,Diva Charm Ruby Red Crystals Pen Kit in Gold TN and Rhodium,PKCHPENBU,Diva Charm Pen Kits
PKCHPEN1,Diva Charm Clear Crystals Pen Kit in Gold TN and Chrome,PKCHPENBU,Diva Charm Pen Kits
PKCKCH,Chalk Holder Chrome Kit,PKCKBU,Specialty Pen Kits
PKCHPEN7,Diva Charm Aurora Borealis Pen Kit in Chrome and Gold T/N,PKCHPENBU,Diva Charm Pen Kits
PKCLFPCH,Clarion Demonstrator Chrome Fountain Pen Kit,PKCLFPBU,Clarion Demonstrator Pen Kits
PKCLFP24,Clarion Demonstrator 24kt Gold Fountain Pen Kit,PKCLFPBU,Clarion Demonstrator Pen Kits
PKCLFPGM,Clarion Demonstrator Gun Metal Fountain Pen Kit,PKCLFPBU,Clarion Demonstrator Pen Kits
PKCLUBDCH,Golf Driver Chrome Pen Kit,PKCLUBBU,Golf Pen Kits
PKCLUBPCH,Golf Putter Chrome Pen Kit,PKCLUBBU,Golf Pen Kits
PKCLUBDGM,Golf Driver Gun Metal Pen Kit,PKCLUBBU,Golf Pen Kits
PKCLUBRCH,Golf Iron Chrome Pen Kit,PKCLUBBU,Golf Pen Kits
PKCLUBPGM,Golf Putter Gun Metal Pen Kit,PKCLUBBU,Golf Pen Kits
PKCLUBRGM,Golf Iron Gun Metal Pen Kit,PKCLUBBU,Golf Pen Kits
PKCOLDCH,Pool Cue Chalk Holder Pen Kit in Chrome,NOT LISTED,Pool Cue Pen Kits
PKCOLDGM,Pool Cue Chalk Holder Pen Kit in Gun Metal,NOT LISTED,Pool Cue Pen Kits
PKCOLDSC,Pool Cue Chalk Holder Pen Kit in Satin Chrome,NOT LISTED,Pool Cue Pen Kits
PKCMRCH,Cameron Chrome Rollerball Pen Kit,PKCMRBU,Cameron Pen Kits
PKCON24,Concava Gold Twist Pen Kit,PKCONBU,Concava Pen Kits
PKCONBE,Concava Black Enamel Twist Pen Kit,PKCONBU,Concava Pen Kits
PKCONGM,Concava Gun Metal Twist Pen Kit,PKCONBU,Concava Pen Kits
PKCONCH,Concava Chrome Twist Pen Kit,PKCONBU,Concava Pen Kits
PKCORP24,Cortona Gold Twist Pen Kit,PKCORBU,Cortona Pen Kits
PKCORP24CH,Cortona Gold and Chrome Twist Pen Kit,PKCORBU,Cortona Pen Kits
PKCORPCH,Cortona Chrome Twist Pen Kit,PKCORBU,Cortona Pen Kits
PKCORPGM,Cortona Gun Metal Twist Pen Kit,PKCORBU,Cortona Pen Kits
PKCP6000,Over and Under Shotgun Gold Roller Ball Pen Kit,PKCP6000BU,Bullet Cartridge Pen Kits
PKCP7500,Magnum Bolt Action Gold Pen Kit,PKCP7000BU,Bolt Action Pen Kits
PKCP6010,Over and Under Shotgun Chrome Roller Ball Pen Kit,PKCP6000BU,Bullet Cartridge Pen Kits
PKCP6020,Over and Under Shotgun Gun Metal Roller Ball Pen Kit,PKCP6000BU,Bullet Cartridge Pen Kits
PKCP7520,Magnum Bolt Action Gun Metal Pen Kit,PKCP7000BU,Bolt Action Pen Kits
PKCP7510,Magnum Bolt Action Chrome Pen Kit,PKCP7000BU,Bolt Action Pen Kits
PKCP7530,Magnum Bolt Action Black Enamel Pen Kit,PKCP7000BU,Bolt Action Pen Kits
PKCP7540,Magnum Bolt Action Antique Brass Pen Kit,PKCP7000BU,Bolt Action Pen Kits
PKCP8000,30 Caliber Bolt Action Gold Bullet Cartridge Pen Kit,PKCP3000BU,Bolt Action Pen Kits
PKCP8050,30 Caliber Bolt Action Antique Copper Bullet Cartridge Pen Kit,PKCP3000BU,Bolt Action Pen Kits
PKCP8040,30 Caliber Bolt Action Antique Brass Bullet Cartridge Pen Kit,PKCP3000BU,Bolt Action Pen Kits
PKCP8010,30 Caliber Bolt Action Chrome Bullet Cartridge Pen Kit,PKCP3000BU,Bolt Action Pen Kits
PKCP8030,30 Caliber Bolt Action Black Enamel Bullet Cartridge Pen Kit,PKCP3000BU,Bolt Action Pen Kits
PKCP8020,30 Caliber Bolt Action Gun Metal Bullet Cartridge Pen Kit,PKCP3000BU,Bolt Action Pen Kits
PKCP80CB24,Bolt Action Ceramic Black Flag and Golden Pen Kit,PKCP3000BU,Bolt Action Pen Kits
PKCP8060,30 Caliber Bolt Action Antique Pewter Pen Kit,PKCP3000BU,Bolt Action Pen Kits
PKCP80CBK,"Bolt Action Ceramic Red, White and Blue Flag and Matte Black Pen Kit",PKCP3000BU,Bolt Action Pen Kits
PKCP80CCH,"Bolt Action Ceramic Red, White and Blue Flag and Chrome Pen Kit",PKCP3000BU,Bolt Action Pen Kits
PKCP8100,30 Caliber Bolt Action Gold Bullet Cartridge Pencil Kit,PKCP3000BU,Bolt Action Pen Kits
PKCP80CGM,"Bolt Action Ceramic Red, White and Blue Flag and Gun Metal Pen Kit",PKCP3000BU,Bolt Action Pen Kits
PKCP8120,30 Caliber Bolt Action Gun Metal Bullet Cartridge Pencil Kit,PKCP3000BU,Bolt Action Pen Kits
PKCP8110,30 Caliber Bolt Action Chrome Bullet Cartridge Pencil Kit,PKCP3000BU,Bolt Action Pen Kits
PKCP8140,30 Caliber Bolt Action Antique Brass Bullet Cartridge Pencil Kit,PKCP3000BU,Bolt Action Pen Kits
PKCP80CWD,Bolt Action Ceramic Woodland Camouflage Pen Kit,PKCP3000BU,Bolt Action Pen Kits
PKCP8210,Mini 30 Caliber Bolt Action Chrome Pen Kit,PKCP3000BU,Bolt Action Pen Kits
PKCP8200,Mini 30 Caliber Bolt Action Gold Pen Kit,PKCP3000BU,Bolt Action Pen Kits
PKCP8220,Mini 30 Caliber Bolt Action Gun Metal Pen Kit,PKCP3000BU,Bolt Action Pen Kits
PKCP8AEAB,Bald Eagle Insignia Flag Bolt Action Antique Brass Pen Kit,PKCP3000BU,Bolt Action Pen Kits
PKCP8AEAC,Bald Eagle Insignia Flag Bolt Action Antique Copper Pen Kit,PKCP3000BU,Bolt Action Pen Kits
PKCP8ARAB,Salute The Troops Bolt Action Antique Brass Pen Kit,PKCP3000BU,Bolt Action Pen Kits
PKCP8AEAP,Bald Eagle Insignia Flag Bolt Action Antique Pewter Pen Kit,PKCP3000BU,Bolt Action Pen Kits
PKCP8ARAP,Salute The Troops Bolt Action Antique Pewter Pen Kit,PKCP3000BU,Bolt Action Pen Kits
PKCP8ARAC,Salute The Troops Bolt Action Antique Copper Pen Kit,PKCP3000BU,Bolt Action Pen Kits
PKCP8DHAB,Deer Hunter Bolt Action Antique Brass Pen Kit,PKCP3000BU,Bolt Action Pen Kits
PKCP8DHAC,Deer Hunter Bolt Action Antique Copper Pen Kit,PKCP3000BU,Bolt Action Pen Kits
PKCP8DHAP,Deer Hunter Bolt Action Antique Pewter Pen Kit,PKCP3000BU,Bolt Action Pen Kits
PKCP8SLAB,Statue of Liberty Flag Bolt Action Antique Brass Pen Kit,PKCP3000BU,Bolt Action Pen Kits
PKCP8SLAC,Statue of Liberty Flag Bolt Action Antique Copper Pen Kit,PKCP3000BU,Bolt Action Pen Kits
PKCP8SLAP,Statue of Liberty Flag Bolt Action Antique Pewter Pen Kit,PKCP3000BU,Bolt Action Pen Kits
PKCP8WAB,We the People Bolt Action Antique Brass Pen Kit,PKCP3000BU,Bolt Action Pen Kits
PKCP8WAC,We the People Bolt Action Antique Copper Pen Kit,PKCP3000BU,Bolt Action Pen Kits
PKCP8WAP,We the People Bolt Action Antique Pewter Pen Kit,PKCP3000BU,Bolt Action Pen Kits
PKCPEN24,Celtic Twist Pen in Gold,PKGAFBU,Celtic Pen Kits
PKCPENAC,Celtic Twist Pen Kit in Antique Copper,PKGAFBU,Celtic Pen Kits
PKCPENAB,Celtic Twist Pen in Antique Brass,PKGAFBU,Celtic Pen Kits
PKCPENAP,Celtic Twist Pen in Antique Pewter,PKGAFBU,Celtic Pen Kits
PKCPMINCH,Mini Bolt Action Chrome Keychain Kit,PKCPMINBU,Key Chain Pen Kits
PKCPMINGM,Mini Bolt Action Gun Metal Keychain Kit,PKCPMINBU,Key Chain Pen Kits
PKCWPENC,Civil War Chrome Pen Kit,PKCWPENBU,Bullet Cartridge Pen Kits
PKCWPENGM,Civil War Gun Metal Pen Kit,PKCWPENBU,Bullet Cartridge Pen Kits
PKDBN5B,Nouveau Sceptre Gold and Chrome Ballpoint Twist Pen Kit,PKMAJSQBU,Broadwell Nouveau Sceptre Pen Kits
PKDBN6B,Nouveau Sceptre Gold and Gun Metal Ballpoint Twist Pen Kit,PKMAJSQBU,Broadwell Nouveau Sceptre Pen Kits
PKDBFBT,Broadwell Nouveau Sceptre Gun Metal and 22kt Gold Fountain Pen Kit,PKDBBUA,Broadwell Nouveau Sceptre Pen Kits
PKDBN7B,Nouveau Sceptre Gold TN and Chrome Ballpoint Twist Pen Kit,PKMAJSQBU,Broadwell Nouveau Sceptre Pen Kits
PKDBFP,Broadwell Nouveau Sceptre Chrome and 22kt Gold Fountain Pen Kit,PKDBBUA,Broadwell Nouveau Sceptre Pen Kits
PKDBRCH,Broadwell Nouveau Sceptre Chrome and Gold Rollerball Pen Kit,PKDBBUA,Broadwell Nouveau Sceptre Pen Kits
PKDBRGM,Broadwell Nouveau Sceptre Gun Metal and Gold Rollerball Pen Kit,PKDBBUA,Broadwell Nouveau Sceptre Pen Kits
PKDBRP,Broadwell Nouveau Sceptre Chrome and 22kt Gold Rollerball Pen Kit,PKDBBUA,Broadwell Nouveau Sceptre Pen Kits
PKDOGAB,Dog Antique Brass Click Pen Kit,PKMAJSQBU,Dog Pen Kits
PKDOG24,Dog Gold Click Pen Kit,PKMAJSQBU,Dog Pen Kits
PKDRAAB,Dragon Antique Brass Twist Pen Kit,PKDRABU,Dragon Pen Kits
PKDOGAP,Dog Antique Pewter Click Pen Kit,PKMAJSQBU,Dog Pen Kits
PKDOGCH,Dog Chrome Click Pen Kit,PKMAJSQBU,Dog Pen Kits
PKDRAAC,Dragon Antique Copper Twist Pen Kit,PKDRABU,Dragon Pen Kits
PKDU24,Duchess Gold Twist Pen Kit,PKCFBUSH,Duchess Pen Kits
PKDRAAP,Dragon Antique Pewter Twist Pen Kit,PKDRABU,Dragon Pen Kits
PKDU24CH,Duchess 2-Tone Chrome and Gold Twist Pen Kit,PKCFBUSH,Duchess Pen Kits
PKDUCH,Duchess Chrome Twist Pen Kit,PKCFBUSH,Duchess Pen Kits
PKDUSLIMCH,DuraClick Slim Chrome EDC Pen Kit,PKDUSLIMBU,Duraclick EDC Pen Kits
PKDUSLIMGM,DuraClick Slim Gun Metal EDC Pen Kit,PKDUSLIMBU,Duraclick EDC Pen Kits
PKDUSLIM24,DuraClick Slim 24kt Gold EDC Pen Kit,PKDUSLIMBU,Duraclick EDC Pen Kits
PKDUSLIMST,DuraClick Slim Stainless Steel 303 EDC Pen Kit,PKDUSLIMBU,Duraclick EDC Pen Kits
PKDUSLIMBK,DuraClick Slim Black Anodized Aluminum 6061-T6 EDC Pen Kit,PKDUSLIMBU,Duraclick EDC Pen Kits
PKDUSMINGD,DuraClick Slim Mini EDC Golden Pen Kit,PKDUSLIMBU,Duraclick EDC Pen Kits
PKDUSMINCH,DuraClick Slim Mini EDC Chrome Pen Kit,PKDUSLIMBU,Duraclick EDC Pen Kits
PKDUSMINGM,DuraClick Slim Mini EDC Gun Metal Pen Kit,PKDUSLIMBU,Duraclick EDC Pen Kits
PKDUSMINST,DuraClick Slim Mini EDC Stainless Steel Pen Kit,PKDUSLIMBU,Duraclick EDC Pen Kits
PKDVN24GM,Devin Golden and Gun Metal Click Pen Kit,PK10-BUSH3,Devin Pen Kits
PKDVN24,Devin Golden Click Pen Kit,PK10-BUSH3,Devin Pen Kits
PKDVNCH,Devin Chrome Click Pen Kit,PK10-BUSH3,Devin Pen Kits
PKEDCDAL,DuraClick EDC Pen Kit in 6061-T6 Aluminum,PKSPCL3BU,Duraclick EDC Pen Kits
PKDVNGM,Devin Gun Metal Click Pen Kit,PK10-BUSH3,Devin Pen Kits
PKEDCDBAL,DuraClick EDC Pen Kit in  6061-T6 Black Anodized Aluminum,PKSPCL3BU,Duraclick EDC Pen Kits
PKEDCDPLAL,DuraClick Aluminum 6061-T6 Pencil Kit,PKSPCL3BU,Duraclick EDC Pen Kits
PKEDCDPLBA,DuraClick Black Anodized Aluminum 6061-T6 Pencil Kit,PKSPCL3BU,Duraclick EDC Pen Kits
PKEDCDPLST,DuraClick Stainless Steel 303 Pencil Kit,PKSPCL3BU,Duraclick EDC Pen Kits
PKEDCDBB,DuraClick EDC Pen Kit in  6061-T6 Burnt Bronze Aluminum,PKSPCL3BU,Duraclick EDC Pen Kits
PKEDCDGM,DuraClick EDC Pen Kit in Gun Metal,PKSPCL3BU,Duraclick EDC Pen Kits
PKEDCDBR,DuraClick EDC Pen Kit in C3604 Brass,PKSPCL3BU,Duraclick EDC Pen Kits
PKEDCDPLBB,DuraClick Burnt Bronze Anodized Aluminum 6061-T6 Pencil Kit,PKSPCL3BU,Duraclick EDC Pen Kits
PKEDCDPLGM,DuraClick EDC Pencil Kit in Gun Metal,PKSPCL3BU,Duraclick EDC Pen Kits
PKEDCDPLBR,DuraClick Brass C3604 Pencil Kit,PKSPCL3BU,Duraclick EDC Pen Kits
PKEDCDST,DuraClick EDC Pen Kit in 303 Stainless Steel,PKSPCL3BU,Duraclick EDC Pen Kits
PKEDCLCH,Everyday Classic Chrome Click Pen Kit,PKSPCL3BU,Everyday Classic Pen Kits
PKEDCLST,Everyday Classic Stainless Steel Click Pen Kit,PKSPCL3BU,Everyday Classic Pen Kits
PKEVERCH,Everlasting Pencil Kit in Chrome,PKM-BUSH3,Everlasting Pencil Kits
PKEXECFGM,Executive Fountain Magnetic Pen Kit in Gun Metal,PKEXECRBU,Executive Pen Kits
PKEXECPENC,Executive Chrome Twist Pen Kit,PKEXEC-BU,Executive Pen Kits
PKEXECFCH,Executive Fountain Magnetic Pen Kit in Chrome,PKEXECRBU,Executive Pen Kits
PKEXECPENE,Executive Black Enamel Twist Pen Kit,PKEXEC-BU,Executive Pen Kits
PKEXEC-PEN,Executive Golden Twist Pen Kit,PKEXEC-BU,Executive Pen Kits
PKEVERGM,Everlasting Pencil Kit in Gun Metal,PKM-BUSH3,Everlasting Pencil Kits
PKEXECPENG,Executive Gun Metal Twist Pen Kit,PKEXEC-BU,Executive Pen Kits
PKEXECPENS,Executive Brushed Satin Twist Pen Kit,PKEXEC-BU,Executive Pen Kits
PKFBALL24,Football Gold Twist Pen Kit,PKFBALLBU,Football Pen Kits
PKEXECF24,Executive Fountain Magnetic Pen Kit in Golden,PKEXECRBU,Executive Pen Kits
PKEXECRCH,Executive Rollerball Magnetic Pen Kit in Chrome,PKEXECRBU,Executive Pen Kits
PKEXECR24,Executive Rollerball Magnetic Pen Kit in Golden,PKEXECRBU,Executive Pen Kits
PKFBALLAB,Football Antique Brass Twist Pen Kit,PKFBALLBU,Football Pen Kits
PKEXECRGM,Executive Rollerball Magnetic Pen Kit in Gun Metal,PKEXECRBU,Executive Pen Kits
PKFBALLAP,Football Antique Pewter Twist Pen Kit,PKFBALLBU,Football Pen Kits
PKFBALLCH,Football Chrome Twist Pen Kit,PKFBALLBU,Football Pen Kits
PKFIREAB,"Firefighter ""Push and Lock"" Pen Kit in Antique Brass",PKFIREBU,Firefighter Pen Kits
PKFIREAP,Firefighter Push and Lock Pen Kit in Antique Pewter,PKFIREBU,Firefighter Pen Kits
PKFIRECHR,"Firefighter ""Push and Lock"" Pen Kit in Chrome",PKFIREBU,Firefighter Pen Kits
PKFIREBKR,"Firefighter ""Push and Lock"" Pen Kit in Matte Black and Red",PKFIREBU,Firefighter Pen Kits
PKFIREBKY,"Firefighter ""Push and Lock"" Pen Kit in Matte Black and Yellow",PKFIREBU,Firefighter Pen Kits
PKFIREBRR,"Firefighter ""Push and Lock"" Pen Kit in Polished Brass and Red",PKFIREBU,Firefighter Pen Kits
PKFLYAB,Fly Fishing Antique Brass Twist Pen Kit,PKPPENBU,Fly Fishing Pen Kits
PKFLYAC,Fly Fishing Antique Copper Twist Pen Kit,PKPPENBU,Fly Fishing Pen Kits
PKFLYAP,Fly Fishing Antique Pewter Twist Pen Kit,PKPPENBU,Fly Fishing Pen Kits
PKFP4030,Vertex Gold Click Pen Kit,PKFPBU,Vertex Pen Kits
PKFP4000,Vertex Chrome Click Pen Kit,PKFPBU,Vertex Pen Kits
PKFP4010,Vertex Gun Metal Click Pen Kit,PKFPBU,Vertex Pen Kits
PKFP4020,Vertex Brushed Satin Click Pen Kit,PKFPBU,Vertex Pen Kits
PKFP4050,Vertex Antique Brass Click Pen Kit,PKFPBU,Vertex Pen Kits
PKFP4100,Vertex Chrome Pencil Kit,PKFPBU,Vertex Pen Kits
PKFP4040,Vertex Black Enamel Click Pen Kit,PKFPBU,Vertex Pen Kits
PKFP4110,Vertex Gun Metal Pencil Kit,PKFPBU,Vertex Pen Kits
PKFP4500,Vertex Bolt Action Chrome Pen Kit,PKFP4500BU,Vertex Pen Kits
PKFP4510,Vertex Bolt Action Gun Metal Pen Kit,PKFP4500BU,Vertex Pen Kits
PKFP4520,Vertex Bolt Action Gold Pen Kit,PKFP4500BU,Vertex Pen Kits
PKFP5000,Magnetic Vertex Chrome Rollerball Pen Kit,PKFP5000BU,Vertex Pen Kits
PKFP5030,Magnetic Vertex Gold Rollerball Pen Kit,PKFP5000BU,Vertex Pen Kits
PKFP5010,Magnetic Vertex Gun Metal Rollerball Pen Kit,PKFP5000BU,Vertex Pen Kits
PKFP5020,Magnetic Vertex Brushed Satin Rollerball Pen Kit,PKFP5000BU,Vertex Pen Kits
PKFP5100,Magnetic Vertex Chrome Fountain Pen Kit,PKFP5000BU,Vertex Pen Kits
PKFP5110,Magnetic Vertex Gun Metal Fountain Pen Kit,PKFP5000BU,Vertex Pen Kits
PKFP5500,Vertex Supreme Chrome with Gold Accents Rollerball Pen Kit,PKGRAD2BU,Vertex Pen Kits
PKFP5510,Vertex Supreme Gun Metal Rollerball Pen Kit,PKGRAD2BU,Vertex Pen Kits
PKFP5540,Vertex Supreme Gold Rollerball Pen Kit,PKGRAD2BU,Vertex Pen Kits
PKFPENAB,Filibella Antique Brass Twist Pen Kit,PKFPENBU2,Filibella Pen Kits
PKFP5610,Vertex Supreme Gun Metal Fountain Pen Kit,PKGRAD2BU,Vertex Pen Kits
PKFP5600,Vertex Supreme Chrome with Gold Accents Fountain Pen Kit,PKGRAD2BU,Vertex Pen Kits
PKFP5120,Magnetic Vertex Brushed Satin Fountain Pen Kit,PKFP5000BU,Vertex Pen Kits
PKFPENAC,Filibella Antique Copper Twist Pen Kit,PKFPENBU2,Filibella Pen Kits
PKFPENAP,Filibella Antique Pewter Twist Pen Kit,PKFPENBU2,Filibella Pen Kits
PKFSANDGD,Footprints in the Sand Golden Pen Kit,PKFSANDBU,Footprints in Sand Pen Kits
PKFSANDGM,Footprints in the Sand Gun Metal Pen Kit,PKFSANDBU,Footprints in Sand Pen Kits
PKFSANDAP,Footprints in the Sand Antique Pewter Pen Kit,PKFSANDBU,Footprints in Sand Pen Kits
PKFSANDCH,Footprints in the Sand Chrome Pen Kit,PKFSANDBU,Footprints in Sand Pen Kits
PKGA24GM,Gatsby 24kt Gold and Gun Metal Twist Pen Kit,PKGABU,Gatsby Pen Kits
PKGAF24,Gatsby Grande Gold Twist Pen Kit,PKGAFBU,Gatsby Pen Kits
PKGAFCH,Gatsby Grande Chrome Twist Pen Kit,PKGAFBU,Gatsby Pen Kits
PKGAF24GM,Gatsby Grande Gold and Gun Metal Twist Pen Kit,PKGAFBU,Gatsby Pen Kits
PKGACHGM,Gatsby Chrome and Gun Metal Twist Pen Kit,PKGABU,Gatsby Pen Kits
PKGAFCHGM,Gatsby Grande Chrome and Gun Metal Twist Pen Kit,PKGAFBU,Gatsby Pen Kits
PKGAFGM,Gatsby Grande Gun Metal Twist Pen Kit,PKGAFBU,Gatsby Pen Kits
PKGAPENAB,Gatsby Antique Brass Twist Pen Kit,PKGABU,Gatsby Pen Kits
PKGAPEN24,Gatsby Gold Twist Pen Kit,PKGABU,Gatsby Pen Kits
PKGAPENC24,Gatsby Gold Click Pen Kit,PKGABU,Gatsby Pen Kits
PKGAPENAC,Gatsby Antique Copper Twist Pen Kit,PKGABU,Gatsby Pen Kits
PKGAPENCP,Gatsby Chrome Click Pen Kit,PKGABU,Gatsby Pen Kits
PKGAPENCTN,Gatsby Gold Titanium Click Pen Kit,PKGABU,Gatsby Pen Kits
PKGAPENCH,Gatsby Chrome Twist Pen Kit,PKGABU,Gatsby Pen Kits
PKGAPENS,Gatsby Brushed Satin Twist Pen Kit,PKGABU,Gatsby Pen Kits
PKGAPENGM,Gatsby Gun Metal Twist Pen Kit,PKGABU,Gatsby Pen Kits
PKGAPENTN,Gatsby Gold Titanium Twist Pen Kit,PKGABU,Gatsby Pen Kits
PKGEARAB,Gearshift Antique Brass Pen Kit,PKMAJSQBU,Gearshift Pen Kits
PKGEARFAB,Titan Gearshift Tire Spinner Pen Kit in Antique Brass,PKGEARFBU,Gearshift Pen Kits
PKGEARAP,Gearshift Antique Pewter Pen Kit,PKMAJSQBU,Gearshift Pen Kits
PKGEARCH,Gearshift Chrome Pen Kit,PKMAJSQBU,Gearshift Pen Kits
PKGEARFCH,Titan Gearshift Tire Spinner Pen Kit in Chrome,NOT LISTED,Gearshift Pen Kits
PKGEARFAP,Titan Gearshift Tire Spinner Pen Kit in Antique Pewter,PKGEARFBU,Gearshift Pen Kits
PKGEARFGM,Titan Gearshift Tire Spinner Pen Kit in Gun Metal,PKGEARFBU,Gearshift Pen Kits
PKGEARGM,Gearshift Gun Metal Pen Kit,PKMAJSQBU,Gearshift Pen Kits
PKGOLFCH,Fore Real Chrome Golf Pencil Kit,PKGOLFBU,Fore Real Golf Pencil Kits
PKGOLFGM,Fore Real Gun Metal Golf Pencil Kit,PKGOLFBU,Fore Real Golf Pencil Kits
PKGOLF24,Fore Real Gold Golf Pencil Kit,PKGOLFBU,Fore Real Golf Pencil Kits
PKGOLFSC,Fore Real Satin Chrome Golf Pencil Kit,PKGOLFBU,Fore Real Golf Pencil Kits
PKGRAD24,Graduate Gold Twist Pen Kit,PKGRADBU,Graduate Pen Kits
PKGRADCH,Graduate Chrome Twist Pen Kit,PKGRADBU,Graduate Pen Kits
PKGRAR24,Magnetic Graduate Gold Rollerball Pen Kit,PKGRAD2BU,Graduate Pen Kits
PKGRADGM,Graduate Gun Metal Twist Pen Kit,PKGRADBU,Graduate Pen Kits
PKGRAFGM,Magnetic Graduate Gun Metal Fountain Pen Kit,PKGRAD2BU,Graduate Pen Kits
PKGRARCH,Magnetic Graduate Chrome Rollerball Pen Kit,PKGRAD2BU,Graduate Pen Kits
PKGRAF24,Magnetic Graduate Gold Fountain Pen Kit,PKGRAD2BU,Graduate Pen Kits
PKGRAFCH,Magnetic Graduate Chrome Fountain Pen Kit,PKGRAD2BU,Graduate Pen Kits
PKGRARGM,Magnetic Graduate Gun Metal Rollerball Pen Kit,PKGRAD2BU,Graduate Pen Kits
PKGREN24,Grenade 24kt Gold Click Pen Kit,PKGRENBU,Grenade Pen Kits
PKGVCL24,Groove 24kt Gold Click Pen Kit,PKM-BUSH3,Groove Pen Kits
PKGT2STGM,GT2 Gun Metal with Stylus Twist Pen Kit,NOT LISTED,GT2 Pen Kits
PKGVCLSC,Groove Satin Chrome Click Pen Kit,PKM-BUSH3,Groove Pen Kits
PKGVTW24,Groove 24kt Gold Twist Pen Kit,PKM-BUSH3,Groove Pen Kits
PKGVCLGM,Groove Gun Metal Click Pen Kit,PKM-BUSH3,Groove Pen Kits
PKGVTWCH,Groove Chrome Twist Pen Kit,PKM-BUSH3,Groove Pen Kits
PKGVCLCH,Groove Chrome Click Pen Kit,PKM-BUSH3,Groove Pen Kits
PKHCABAP,Honeycomb Antique Brass and Pewter Twist Pen Kit,PKHCBU,Honeycomb Pen Kits
PKGVTWSC,Groove Satin Chrome Twist Pen Kit,PKM-BUSH3,Groove Pen Kits
PKHEAVAP,Heavenly Messenger Cardinal Ballpoint Twist Pen Kit In Antique Pewter,PKFSANDBU,Heavenly Messenger Cardinal Pen Kits
PKHEAVCH,Heavenly Messenger Cardinal Ballpoint Twist Pen Kit In Chrome,PKFSANDBU,Heavenly Messenger Cardinal Pen Kits
PKHEAVGM,Heavenly Messenger Cardinal Ballpoint Twist Pen Kit In Gun Metal,PKFSANDBU,Heavenly Messenger Cardinal Pen Kits
PKHEAVGD,Heavenly Messenger Cardinal Ballpoint Twist Pen Kit In Golden,PKFSANDBU,Heavenly Messenger Cardinal Pen Kits
PKGVTWGM,Groove Gun Metal Twist Pen Kit,PKM-BUSH3,Groove Pen Kits
PKHGUNGM,Handgun Gun Metal Click Pen Kit,PKABBU,Handgun Pen Kits
PKHGUNAB,Handgun Antique Brass Click Pen Kit,PKABBU,Handgun Pen Kits
PKHGUNFBK,Handgun Matte Black Click Pen Kit,PKABBU,Handgun Pen Kits
PKHGUNAP,Handgun Antique Pewter Click Pen Kit,PKABBU,Handgun Pen Kits
PKHORSEAB,Horse Antique Brass Twist Pen Kit,PK50RBU,Horse Pen Kits
PKHORSEAP,Horse Antique Pewter Twist Pen Kit,PK50RBU,Horse Pen Kits
PKHOCKGM,Hockey Gun Metal Twist Pen Kit,PKHOCKBU,Hockey Pen Kits
PKHOCKCH,Hockey Chrome Twist Pen Kit,PKHOCKBU,Hockey Pen Kits
PKHORSECH,Horse Chrome Twist Pen Kit,PK50RBU,Horse Pen Kits
PKHORSEGD,Horse Golden Twist Pen Kit,PK50RBU,Horse Pen Kits
PKHOCKGD,Hockey Golden Twist Pen Kit,PKHOCKBU,Hockey Pen Kits
PKHPEN24,Faith Hope Love Gold Twist Pen Kit,PKHPENBU,Faith Hope Love Pen Kits
PKHPENAB,Faith Hope Love Antique Brass Twist Pen Kit,PKHPENBU,Faith Hope Love Pen Kits
PKJ316CH,John 3:16 Twist Pen Kit in Chrome,PKFSANDBU,Christian Pen Kits
PKHPENAC,Faith Hope Love Antique CopperTwist Pen Kit,PKHPENBU,Faith Hope Love Pen Kits
PKICONAL,Icon Pen Kit in Aluminum 6061-T6,PKM-BUSH3,Icon Pen Kits
PKICONCH,Icon Pen Kit in Chrome,PKM-BUSH3,Icon Pen Kits
PKHPENAP,Faith Hope Love Antique Pewter Twist Pen Kit,PKHPENBU,Faith Hope Love Pen Kits
PKJ316AP,John 3:16 Twist Pen Kit in Antique Pewter,PKFSANDBU,Christian Pen Kits
PKICONGM,Icon Pen Kit in Gun Metal,PKM-BUSH3,Icon Pen Kits
PKJ316GM,John 3:16 Twist Pen Kit in Gun Metal,PKFSANDBU,Christian Pen Kits
PKJPENBT,Compson Gun Metal Click Pen Kit,PKJPENBU,Compson Pen Kits
PKKOLEBK,Kole EDC Click Pen Kit in Black Anodized Aliuminum,PKSRBU,Kole EDC Pen Kits
PKKOLEBR,Kole EDC Click Pen Kit in Brass,PKSRBU,Kole EDC Pen Kits
PKKOLECH,Kole EDC Click Pen Kit in Chrome,PKSRBU,Kole EDC Pen Kits
PKJPENCH,Compson Chrome Click Pen Kit,PKJPENBU,Compson Pen Kits
PKKOLEGM,Kole EDC Click Pen Kit in Gun Metal,PKSRBU,Kole EDC Pen Kits
PKJ316GD,John 3:16 Twist Pen Kit in Golden,PKFSANDBU,Christian Pen Kits
PKKOLEGD,Kole EDC Click Pen Kit in Golden,PKSRBU,Kole EDC Pen Kits
PKJPENGT,Compson Gold T/N Click Pen Kit,PKJPENBU,Compson Pen Kits
PKL765,Oxford V2 Rollerball Gold Pen Kit,PKL760BU,Oxford Pen Kits
PKKPCLGM,Stratus Gun Metal Pencil Kit,PKCHPENBU,Stratus Pen Kits
PKKPEN24,Stratus Gold Click Pen Kit,PKCHPENBU,Stratus Pen Kits
PKKPCLCH,Stratus Chrome Pencil Kit,PKCHPENBU,Stratus Pen Kits
PKLEV24X,Lever Action Gold Click Pen Kit with Metal Gunstock,PKLEVBU,Lever Action Pen Kits
PKKPENCH,Stratus Chrome Pen Click Kit,PKCHPENBU,Stratus Pen Kits
PKL760,Oxford V2 Rollerball Chrome Pen Kit,PKL760BU,Oxford Pen Kits
PKKPENGM,Stratus Gun Metal Click Pen Kit,PKCHPENBU,Stratus Pen Kits
PKLEVABX,Lever Action Antique Brass Click Pen Kit with Metal Gunstock,PKLEVBU,Lever Action Pen Kits
PKLEVAPX,Lever Action Antique Pewter Click Pen Kit with Metal Gunstock,PKLEVBU,Lever Action Pen Kits
PKLEVBKX,Lever Action Matte Black Click Pen Kit with Metal Gunstock,PKLEVBU,Lever Action Pen Kits
PKLEVGMX,Lever Action Gun Metal Click Pen Kit with Metal Gunstock,PKLEVBU,Lever Action Pen Kits
PKLHPENAP,Lighthouse Antique Pewter Pen Kit,PKSCERBU,Lighthouse Pen Kits
PKLHPENAB,Lighthouse Antique Bronze Pen Kit,PKSCERBU,Lighthouse Pen Kits
PKLHPENAC,Lighthouse Antique Copper Pen Kit,PKSCERBU,Lighthouse Pen Kits
PKLINERAP,Jet Airliner Antique Pewter Twist Pen Kit,NOT LISTED,Airplane Pen Kits
PKLINERCH,Jet Airliner Chrome Twist Pen Kit,PKLINERBU,Airplane Pen Kits
PKLINERGD,Jet Airliner Golden Twist Pen Kit,PKLINERBU,Airplane Pen Kits
PKLOVEGD,Love Twist Pen Kit in Golden,PKLOVEBU,Love Pen Kits
PKM1720AP,Matthew 17:20 Mustard Seed Twist Pen Kit in Antique Pewter,PKFSANDBU,Christian Pen Kits
PKM1720GD,Matthew 17:20 Mustard Seed Twist Pen Kit in Golden,PKFSANDBU,Christian Pen Kits
PKM1720GM,Matthew 17:20 Mustard Seed Twist Pen Kit in Gun Metal,PKFSANDBU,Christian Pen Kits
PKM1720CH,Matthew 17:20 Mustard Seed Twist Pen Kit in Chrome,PKFSANDBU,Christian Pen Kits
PKMAFGP,Majestic 22kt Gold/Chrome Fountain Pen Kit,PKMAJBU,Majestic Pen Kits
PKMAFGPJR,Majestic Jr. 22kt Gold/Chrome Fountain Pen Kit,PKMAJJRBU,Majestic Pen Kits
PKMAFTP,Majestic Gun Metal/Chrome Fountain Pen Kit,PKMAJBU,Majestic Pen Kits
PKMAJAXJR,Majestic Jr. Antique Brass and Antique Pewter Rollerball Pen Kit,PKMAJJRBU,Majestic Pen Kits
PKMAFTPJR,Majestic Jr. Gun Metal/Chrome Fountain Pen Kit,PKMAJJRBU,Majestic Pen Kits
PKMAJSQ1,Majestic Squire Gold TN and Chrome Ballpoint Twist Pen Kit,PKMAJSQBU,Majestic Pen Kits
PKMAJGP,Majestic 22kt Gold/Chrome Rollerball Pen Kit,PKMAJBU,Majestic Pen Kits
PKMAJSQ1CL,Majestic Squire EDC Gold TN and Chrome Ballpoint Click Pen Kit,PKMAJSQBU,Majestic Pen Kits
PKMAJGPJR,Majestic Jr. 22kt Gold/Chrome Rollerball Pen Kit,PKMAJJRBU,Majestic Pen Kits
PKMAJSQ2P,Majestic Squire 22kt 2-micron Gold and Chrome Ballpoint Twist Pen Kit,PKMAJSQBU,Majestic Pen Kits
PKMAJSQ3,Majestic Squire Gold TN and Gun Metal Ballpoint Twist Pen Kit,PKMAJSQBU,Majestic Pen Kits
PKMAJSQ4P,Majestic Squire 22kt 2-micron Gold and Gun Metal Ballpoint Twist Pen Kit,PKMAJSQBU,Majestic Pen Kits
PKMAJSQ6CL,Majestic Squire EDC Gun Metal and Chrome Ballpoint Click Pen Kit,PKMAJSQBU,Majestic Pen Kits
PKMAJSQ5P,Majestic Squire Antique Brass and Pewter Twist Pen Kit,PKMAJSQBU,Majestic Pen Kits
PKMEDAP,Medical Twist Pen Kit in Antique Pewter,PKMEDBU,Medical Pen Kits
PKMEDAB,Medical Twist Pen Kit in Antique Brass,PKMEDBU,Medical Pen Kits
PKMAJTP,Majestic Gun Metal/Chrome Rollerball Pen Kit,PKMAJBU,Majestic Pen Kits
PKMEDGD,Medical Twist Pen Kit in Golden,PKMEDBU,Medical Pen Kits
PKMAJTPJR,Majestic Jr. Chrome/Gun Metal Rollerball Pen Kit,PKMAJJRBU,Majestic Pen Kits
PKMEDGM,Medical Twist Pen Kit in Gun Metal,PKMEDBU,Medical Pen Kits
PKMINI,Mini Gold Keychain Pen Kit,PKM-BUSH3,Key Chain Pen Kits
PKMINICH,Mini Chrome Keychain Pen Kit,PKM-BUSH3,Key Chain Pen Kits
PKMINCLKC,Mini Chrome Click Pen Kit,PKMINCLKBU,Specialty Pen Kits
PKMONT,Designer Gold Twist Pen Kit,PKMONTBUY,Designer Pen Kits
PKMONT2C,Designer Chrome NT Twist Pen Kit,PKMONT2-BU,Designer Pen Kits
PKMONT224,Designer 24kt Gold NT Twist Pen Kit,PKMONT2-BU,Designer Pen Kits
PKMONT2S,Designer Brushed Satin NT Twist Pen Kit,PKMONT2-BU,Designer Pen Kits
PKMONT2GM,Designer Gun Metal NT Twist Pen Kit,PKMONT2-BU,Designer Pen Kits
PKMOTAP,Motorcycle Antique Pewter Kickstart Action Pen Kit,PKPT100BU,Motorcycle Pen Kits
PKMOTCH,Motorcycle Chrome Kickstart Action Pen Kit,PKPT100BU,Motorcycle Pen Kits
PKMOTMB,Motorcycle Matte Black Kickstart Action Pen Kit,PKPT100BU,Motorcycle Pen Kits
PKMOTMBCH,Motorcycle Matte Black and Chrome Kickstart Action Pen Kit,PKPT100BU,Motorcycle Pen Kits
PKMPLAB,Mechanical Pencil Kit in Antique Brass,PKFPBU,Mechanical Pencil Kits
PKMPLAP,Mechanical Pencil Kit in Antique Pewter,PKFPBU,Mechanical Pencil Kits
PKMPL24,Mechanical Pencil Kit in Gold,PKFPBU,Mechanical Pencil Kits
PKMPLCH,Mechanical Pencil Kit in Chrome,PKFPBU,Mechanical Pencil Kits
PKMTFUNCH,Funline Designer Chrome Twist Pen Kit,PKMONTBUY,Funline Pen Kits
PKMTFUN24,Funline Designer Economy Gold Twist Pen Kit,PKMONTBUY,Funline Pen Kits
PKMTFUNCO,Funline Designer Copper Twist Pen Kits,PKMONTBUY,Funline Pen Kits
PKMTFUNGM,Funline Designer Gun Metal Twist Pen Kit,PKMONTBUY,Funline Pen Kits
PKMTFUNSG,Funline Designer Satin Gold Twist Pen Kit,PKMONTBUY,Funline Pen Kits
PKMTMIN24,Mini Designer 24kt Gold Pen Kit,PKMONT2-BU,Designer Pen Kits
PKMTFUNSP,Funline Designer Satin Pearl Twist Pen Kit,PKMONTBUY,Funline Pen Kits
PKMUSAP,Music Antique Pewter Twist Pen Kit,PKMUSBU,Music Pen Kits
PKMUSCH,Music Chrome Twist Pen Kit,PKMUSBU,Music Pen Kits
PKMUS24,Music Gold Twist Pen Kit,PKMUSBU,Music Pen Kits
PKNAUTAB,Nautical Antique Brass Twist Pen Kit,PKMAJSQBU,Nautical Pen Kits
PKMUSAB,Music Antique Brass Twist Pen Kit,PKMUSBU,Music Pen Kits
PKNAUTAC,Nautical Antique Copper Twist Pen Kit,PKMAJSQBU,Nautical Pen Kits
PKNAUTAP,Nautical Antique Pewter Twist Pen Kit,PKMAJSQBU,Nautical Pen Kits
PKOLIVEAB,Olive Branch Antique Brass Twist Pen Kit,PKOLIVEBU,Olive Branch Pen Kits
PKOLIVEAP,Olive Branch Antique Pewter Twist Pen Kit,PKOLIVEBU,Olive Branch Pen Kits
PKOLIVECH,Olive Branch Chrome Twist Pen Kit,PKOLIVEBU,Olive Branch Pen Kits
PKOLIVEGD,Olive Branch Golden Twist Pen Kit,PKOLIVEBU,Olive Branch Pen Kits
PKPARK-C,Classic Chrome Twist Pen Kit,PKPARK-BU,Classic Pen Kits
PKPARK-G,Classic 24kt Gold Twist Pen Kit,PKPARK-BU,Classic Pen Kits
PKPATPEN24,Patrizio Gold Twist Pen Kit,PKPATPENBU,Patrizio Pen Kits
PKPCLA2BT,Slimline Gun Metal Pencil Kit,PKM-BUSH3,Slimline Pen Kits
PK-PCL,Slimline Gold Pencil Kit,PKM-BUSH3,Slimline Pen Kits
PKPATPENGM,Patrizio Gun Metal Twist Pen Kit,PKPATPENBU,Patrizio Pen Kits
PK-PCLA2B,Slimline Black Enamel Pencil Kit,PKM-BUSH3,Slimline Pen Kits
PK-PCLA2P,Slimline Chrome Pencil Kit,PKM-BUSH3,Slimline Pen Kits
PKPCLXXCH,Slimline Pro Chrome Pencil Kit,PK-PENXXBU,Slimline Pro Pen Kits
PK-PCLSAT,Slimline Brushed Satin Pencil Kit,PKM-BUSH3,Slimline Pen Kits
PK-PCLXX,Slimline Pro Gold Pencil Kit,PK-PENXXBU,Slimline Pro Pen Kits
PKPCUBKSC,Pool Cue Black Band Rollerball Pen Kit,PKPCUBU,Pool Cue Pen Kits
PKPCUCHBK,Pool Cue Chrome Band Rollerball Pen Kit,PKPCUBU,Pool Cue Pen Kits
PK-PENA2B,Slimline Black Enamel Pen Kit,PKM-BUSH3,Slimline Pen Kits
PKPENA2BT,Slimline Gun Metal Pen Kit,PKM-BUSH3,Slimline Pen Kits
PK-PEN,Slimline Golden Pen Kit,PKM-BUSH3,Slimline Pen Kits
PK-PENA2P,Slimline Chrome Pen Kit,PKM-BUSH3,Slimline Pen Kits
PK-PENA2TN,Slimline Gold Titanium Nitride Twist Pen Kit,PKM-BUSH3,Slimline Pen Kits
PK-PENAB,Slimline Antique Brass Twist Pen Kit,PKM-BUSH3,Slimline Pen Kits
PK-PENAC,Slimline Antique Copper Pen Kit,PKM-BUSH3,Slimline Pen Kits
PK-PENRG,Slimline Copper Pen Kit,PKM-BUSH3,Slimline Pen Kits
PK-PENSAT,Slimline Brushed Satin Pen Kit,PKM-BUSH3,Slimline Pen Kits
PKPENXEDCH,Slimline Pro EDC Chrome Click Pen Kit,PK-PENXXBU,Slimline Pro Pen Kits
PKPENXEDGM,Slimline Pro EDC Gun Metal Click Pen Kit,NOT LISTED,Slimline Pro Pen Kits
PKPENXEDGD,Slimline Pro EDC Gold Click Pen Kit,PK-PENXXBU,Slimline Pro Pen Kits
PKPENXXAB,Slimline Pro Antique Brass Click Pen Kit,PK-PENXXBU,Slimline Pro Pen Kits
PKPENXXCH,Slimline Pro Chrome Pen Kit,PK-PENXXBU,Slimline Pro Pen Kits
PKPENXXBT,Slimline Pro Gun Metal Click Pen Kit,PK-PENXXBU,Slimline Pro Pen Kits
PK-PENXX,Slimline Pro Gold Click Pen Kit,PK-PENXXBU,Slimline Pro Pen Kits
PKPISTGM,Piston Pen Kit in Gun Metal with Gun Metal Wheels,PKCP3000BU,Piston Pen Kits
PK-PENXXS,Slimline Pro Brushed Satin Click Pen Kit,PK-PENXXBU,Slimline Pro Pen Kits
PKPERF,Perfume 24kt Gold Pen Kit,PKPERF-BU,Perfume Kits
PKPICKLEAP,Pickleball Antique Pewter Twist Pen Kit,PKHOCKBU,Pickleball Pen Kits
PKPISTBR,Piston Pen Kit in Brass with Oil Rubbed Bronze Wheels,PKCP3000BU,Piston Pen Kits
PKPICKLEAB,Pickleball Antique Brass Twist Pen Kit,PKHOCKBU,Pickleball Pen Kits
PKPISTCH,Piston Pen Kit in Chrome with Brass Wheels,PKCP3000BU,Piston Pen Kits
PKPISTORB,Piston Pen Kit in Oil Rubbed Bronze with Brass Wheels,PKCP3000BU,Piston Pen Kits
PKPOLICE24,Police Click Pen Kit in Matte  Gold,PKPOLICEBU,Police Pen Kits
PKPOLICEGM,Police Click Pen Kit in Gun Metal,PKPOLICEBU,Police Pen Kits
PKPPENAB,American Patriot Antique Brass Twist Pen Kit,PKPPENBU,American Patriot Pen Kits
PKPPENAP,American Patriot Antique Pewter Twist Pen Kit,PKPPENBU,American Patriot Pen Kits
PKPOLICESG,Police Click Pen Kit in Satin Gun Metal,PKPOLICEBU,Police Pen Kits
PKPPENCH,American Patriot Chrome Twist Pen Kit,PKPPENBU,American Patriot Pen Kits
PKPPRBCH,American Patriot Chrome Rollerball Pen Kit,PKPPRBBU,American Patriot Pen Kits
PKPRFCH,Professional Chrome and Gold Twist Pen Kit,PKPRFBU,Professional Pen Kits
PKPROPAB,Propeller Antique Brass Twist Pen Kit,PKPROPBU,Airplane Pen Kits
PKPRPEN1,Princess Chrome with Clear Stones Pen Kit,PKPRPENBU,Princess Pen Kits
PKPROPCH,Propeller Chrome Twist Pen Kit,PKPROPBU,Airplane Pen Kits
PKPROPGD,Propeller Golden Twist Pen Kit,PKPROPBU,Airplane Pen Kits
PKPRPEN2,Princess Chrome with Pink Stones Pen Kit,PKPRPENBU,Princess Pen Kits
PKPROPAP,Propeller Antique Pewter Twist Pen Kit,PKPROPBU,Airplane Pen Kits
PKPRPEN3,Princess Chrome with Blue Stones Pen Kit,PKPRPENBU,Princess Pen Kits
PKPRTCH,Protura Chrome Twist Pen Kit,NOT LISTED,Protura Pen Kits
PKPRPEN98,4 Princess Twist Pen Kit Sampler Set,PKPRPENBU,Princess Pen Kits
PKPRPEN4,Princess Gold with Clear Stones Pen Kit,PKPRPENBU,Princess Pen Kits
PKPRTGD,Protura Golden Twist Pen Kit,NOT LISTED,Protura Pen Kits
PKPRTGM,Protura Gun Metal Twist Pen Kit,NOT LISTED,Protura Pen Kits
PKPT100RCH,Presimo Chrome and Satin Chrome Rollerball Pen Kit,PKPT100BU,Presimo Pen Kits
PKPT100FRT,Presimo Etched Chrome Fountain Pen Kit,PKPT100BU,Presimo Pen Kits
PKPT100RRT,Presimo Etched Chrome Rollerball Pen Kit,PKPT100BU,Presimo Pen Kits
PKPT100FCH,Presimo Chrome and Satin Chrome Fountain Pen Kit,PKPT100BU,Presimo Pen Kits
PKRAWAL,RAW 6061-T6 Aluminum Rollerball Pen Kit,PKMAJSQBU,RAW Pen Kits
PKRAWBR,RAW C3604 Brass Rollerball Pen Kit,PKMAJSQBU,RAW Pen Kits
PKRAWBRC,RAW C3604 Brass Rollerball Pen Kit with Clip,PKMAJSQBU,RAW Pen Kits
PKRAWFBR,RAW C3604 Brass Fountain Pen Kit,PKMAJSQBU,RAW Pen Kits
PKRAWFAL,RAW 6061 Aluminum Fountain Pen Kit,PKMAJSQBU,RAW Pen Kits
PKRAWFBRC,RAW C3604 Brass Fountain Pen Kit with Clip,PKMAJSQBU,RAW Pen Kits
PKRAWFST,RAW 303 Stainless Steel Fountain Pen Kit,PKMAJSQBU,RAW Pen Kits
PKRB1000,Rollester Gold Rollerball Pen Kit,PKCHPENBU,Rollester Pen Kits
PKRAWST,RAW 303 Stainless Steel Rollerball Pen Kit,PKMAJSQBU,RAW Pen Kits
PKRB1015,Rollester Chrome with Black Cap Rollerball Pen Kit,PKCHPENBU,Rollester Pen Kits
PKRB1010,Rollester Chrome with Chrome Cap Rollerball Pen Kit,PKCHPENBU,Rollester Pen Kits
PKRISEAC,Phoenix Rising Antique Copper Twist Pen Kit,PKVICBU,Phoenix Rising Pen Kits
PKRISEAB,Phoenix Rising Antique Brass Twist Pen Kit,PKVICBU,Phoenix Rising Pen Kits
PKREVAB,Revolver Antique Brass Click Pen Kit,PKREVBU,Revolver Pen Kits
PKREVCH,Revolver Chrome Click Pen Kit,PKREVBU,Revolver Pen Kits
PKREVAP,Revolver Antique Pewter Click Pen Kit,PKREVBU,Revolver Pen Kits
PKRB1020,Rollester Gun Metal Rollerball Pen Kit,PKCHPENBU,Rollester Pen Kits
PKREVGM,Revolver Gun Metal Click Pen Kit,PKREVBU,Revolver Pen Kits
PKRISEAP,Phoenix Rising Antique Pewter Twist Pen Kit,PKVICBU,Phoenix Rising Pen Kits
PKRPEN24,Spartan Gold Click Pen Kit,PKMAJSQBU,Spartan Pen Kits
PKRYL24,Crown Jewel Golden Twist Pen Kit,PKNICK-BU,Crown Jewel Pen Kits
PKRPENGM,Spartan Gun Metal Click Pen Kit,PKMAJSQBU,Spartan Pen Kits
PKRYLCH,Crown Jewel Chrome Twist Pen Kit,PKNICK-BU,Crown Jewel Pen Kits
PKSAXAGM,Saxa Gun Metal EDC Click Pen Kit,PKM-BUSH3,Saxa EDC Pen Kits
PKSAXACH,Saxa Chrome EDC Click Pen Kit,PKM-BUSH3,Saxa EDC Pen Kits
PKSAXALCH,Saxa Chrome EDC Pencil Kit,PKM-BUSH3,Saxa EDC Pen Kits
PKSAXAGD,Saxa Golden EDC Click Pen Kit,PKM-BUSH3,Saxa EDC Pen Kits
PKSAXALGM,Saxa Gun Metal EDC Pencil Kit,PKM-BUSH3,Saxa EDC Pen Kits
PKSAXALGD,Saxa Golden EDC Pencil Kit,PKM-BUSH3,Saxa EDC Pen Kits
PKSCERCH,Soccer Chrome Twist Pen Kit,PKSCERBU,Soccer Pen Kits
PKSCERGM,Soccer Gun Metal Twist Pen Kit,PKSCERBU,Soccer Pen Kits
PKSCERAP,Soccer Antique Pewter Twist Pen Kit,PKSCERBU,Soccer Pen Kits
PKSC-PEN,Sculptured Gold Twist Pen Kit,PKSC-BU,Sculpted Pen Kits
PKSC-PEN4,Sculpted Floral Design Gold Twist Pen Kit,PKSC-BU,Sculpted Pen Kits
PKSC-PEN3,Sculpted Latticed Gold Twist Pen Kit,PKSC-BU,Sculpted Pen Kits
PKSC-PEN6,Sculpted Arbor Gold Pen Kit,PKSC-BU,Sculpted Pen Kits
PKSER22,Serpent 22kt Gold Twist Pen Kit,PKSERBU,Serpent Pen Kits
PKSERAB,Serpent Antique Brass Twist Pen Kit,PKSERBU,Serpent Pen Kits
PKSKULLAB,Skull Antique Brass Twist Pen Kit,PKSKULLBU,Skull Pen Kits
PKSHACH,Shake Pen Kit in Chrome,PKSHAKEBU,Shake Pen Kits
PKSKULLAP,Skull Antique Pewter Twist Pen Kit,PKSKULLBU,Skull Pen Kits
PKSERAP,Serpent Antique Pewter Twist Pen Kit,PKSERBU,Serpent Pen Kits
PKSHA24,Shake Pen Kit in 24kt Gold,PKSHAKEBU,Shake Pen Kits
PKSKULLGM,Skull Gun Metal Twist Pen Kit,PKSKULLBU,Skull Pen Kits
PKSKULLCH,Skull Chrome Twist Pen Kit,PKSKULLBU,Skull Pen Kits
PKSLFUN24,Funline Slimline Economy Gold Pen Kit,PKM-BUSH3,Funline Pen Kits
PKSLFUNSG,Funline Slimline Satin Gold Twist Pen Kit,PKM-BUSH3,Funline Pen Kits
PKSLFUNGM,Funline Slimline Gun Metal Twist Pen Kit,PKM-BUSH3,Funline Pen Kits
PKSLFUNCH,Funline Slimline Chrome Twist Pen Kit,PKM-BUSH3,Funline Pen Kits
PKSLFUNCO,Funline Slimline Copper Twist Pen Kit,PKM-BUSH3,Funline Pen Kits
PKSLFUNSP,Funline Slimline Satin Pearl Pen Kit,PKM-BUSH3,Funline Pen Kits
PKSLFUPL24,Funline Slimline Economy Gold Pencil Kit,PKM-BUSH3,Funline Pen Kits
PKSLFUPLCH,Funline Slimline Chrome Pencil Kit,PKM-BUSH3,Funline Pen Kits
PKSLFUPLCO,Funline Slimline Copper Pencil Kit,PKM-BUSH3,Funline Pen Kits
PKSLFUPLGM,Funline Slimline Gun Metal Pencil Kit,PKM-BUSH3,Funline Pen Kits
PKSLX242,Chic-Line V2 Golden Twist Pen Kit,PKM-BUSH3,Chic-Line Pen Kits
PKSLXGM2,Chic-Line V2 Gun Metal Twist Pen Kit,PKM-BUSH3,Chic-Line Pen Kits
PKSLXCH2,Chic-Line V2 Chrome Twist Pen Kit,PKM-BUSH3,Chic-Line Pen Kits
PKSLXRG2,Chic-Line V2 Rose Gold Twist Pen Kit,PKM-BUSH3,Chic-Line Pen Kits
PKSOPHAL,Sophro Capless Rollerball Aluminum Twist Pen Kit,PKSOPHBU,Sophro Pen Kits
PKSOPHCH,Sophro Capless Rollerball Chrome Twist Pen Kit,PKSOPHBU,Sophro Pen Kits
PKSPABAP,Steampump Pen Kit in Antique Brass and Antique Pewter,PKSPBU,Steampunk Pen Kits
PKSPABORB,Steampump Pen Kit in Oil Rubbed Bronze and Antique Brass,PKSPBU,Steampunk Pen Kits
PKSPCL3C,Mini Sketch Chrome Pencil Kit: with 3mm lead,PKSPCL3BU,Workshop Sketch Pen &amp; Pencil Kits
PKSPCL2BT,Deluxe Sketch Pen and Pencil Combo Kit in Gun Metal,PKSPCL2BU,Workshop Sketch Pen &amp; Pencil Kits
PKSPCL,Workshop/Sketch Pencil Kit Chrome,PKSPCLBU,Workshop Sketch Pen &amp; Pencil Kits
PKSPCL2C,Deluxe Sketch Pen and Pencil Combo Kit in Chrome,PKSPCL2BU,Workshop Sketch Pen &amp; Pencil Kits
PKSPPA,Steampunk Bolt Action Antique Brass and Antique Copper Pen Kit,PKVICBU,Steampunk Pen Kits
PKSPPB,Steampunk Bolt Action Antique Pewter and Antique Copper Pen Kit,PKVICBU,Steampunk Pen Kits
PKSPPC,Steampunk Bolt Action Antique Copper and Antique Brass Pen Kit,PKVICBU,Steampunk Pen Kits
PKSTLGM,Steam Locomotive Pen Kit in Gun Metal,PKPPENBU,Steam Locomotive Pen Kits
PKSTLAP,Steam Locomotive Pen Kit in Pewter,PKPPENBU,Steam Locomotive Pen Kits
PKSWPAB,Southwest Antique Brass with Turquoise Stone Twist Pen Kit,PKSWPBU,Southwest Pen Kits
PKSWPAP,Southwest Antique Pewter with Turquoise Stone Twist Pen Kit,PKSWPBU,Southwest Pen Kits
PKTANKAB,Tank Antique Brass Twist Pen Kit,PKTANKBU,Tank Pen Kits
PKTANKAP,Tank Antique Pewter Twist Pen Kit,PKTANKBU,Tank Pen Kits
PKTANKGR,Tank OD Green Twist Pen Kit,PKTANKBU,Tank Pen Kits
PKTEECH,Tee Time Golf Chrome Twist Pen Kit,PKBASKETBU,Golf Pen Kits
PKTEEGD,Tee Time Golf Golden Twist Pen Kit,PKBASKETBU,Golf Pen Kits
PKTEACH,Teachers 24kt Gold Twist Pen Kit,PKM-BUSH3,Specialty Pen Kits
PKTPENAB,Bolt Action Antique Brass Tec-Pen Kit,PKTPENBU,Bolt Action Pen Kits
PKTPEN24,Bolt Action Gold Tec-Pen Kit,PKTPENBU,Bolt Action Pen Kits
PKTPENCH,Bolt Action Chrome Tec-Pen Kit,PKTPENBU,Bolt Action Pen Kits
PKTPENGM,Bolt Action Gun Metal Tec-Pen Kit,PKTPENBU,Bolt Action Pen Kits
PKTSPENCH,Touch Stylus Pen Kit in Chrome,PKM-BUSH3,Stylus Pen Kits
PKTSPEN24,Touch Stylus Pen Kit in Gold,PKM-BUSH3,Stylus Pen Kits
PKTSPENGM,Touch Stylus Pen Kit in Gun Metal,PKM-BUSH3,Stylus Pen Kits
PKTST24,Touch Stylus Kit in Gold,PKM-BUSH3,Stylus Pen Kits
PKTSTCH,Touch Stylus Kit in Chrome,PKM-BUSH3,Stylus Pen Kits
PKTYFP24,Tycoon Gold Fountain Pen Kit,PKTYBU,Tycoon Pen Kits
PKTYRB24,Tycoon Gold Rollerball Pen Kit,PKTYBU,Tycoon Pen Kits
PKTYRBP,Tycoon Chrome Rollerball Pen Kit,PKTYBU,Tycoon Pen Kits
PKVEPCH,Vesper Chrome Click Pen Kit,PKVESBU,Vesper Pen Kits
PKVEP24,Vesper 24kt Gold Click Pen Kit,PKVESBU,Vesper Pen Kits
PKVEPGM,Vesper Gun Metal Click Pen Kit,PKVESBU,Vesper Pen Kits
PKVIC24,Victorian Golden Twist Pen Kit,PKVICBU,Victorian Pen Kits
PKVICAB,Victorian Antique Brass Twist Pen Kit,PKVICBU,Victorian Pen Kits
PKWESTAC,Cowboy Antique Copper Twist Pen Kit,PKWESTBU,Cowboy Pen Kits
PKVICAP,Victorian Antique Pewter Twist Pen Kit,PKVICBU,Victorian Pen Kits
PKVICFPAB,Victorian Fountain Antique Brass Gold Pen Kit,PKVICRBU,Victorian Pen Kits
PKWESTAP,Cowboy Antique Pewter Twist Pen Kit,PKWESTBU,Cowboy Pen Kits
PKXM24,Trimline 24kt Gold Twist Pen Kit,PKXMBU,Trimline Pen Kits
PKXMCH,Trimline Chrome Twist Pen Kit,PKXMBU,Trimline Pen Kits
PKXMPLGM,Trimline Gun Metal Pencil Kit,PKXMBU,Trimline Pen Kits
PKXMGM,Trimline Gun Metal Twist Pen Kit,PKXMBU,Trimline Pen Kits
PKYOGA24,Yoga 24kt Gold Twist Pen Kit,PKYOGABU,Yoga Pen Kits
PKYOGACH,Yoga Chrome Twist Pen Kit,PKYOGABU,Yoga Pen Kits
PKYOGAORB,Yoga Oil Rubbed Bronze Twist Pen Kit,PKYOGABU,Yoga Pen Kits
