Design,Bushing IDs,SKU Count,SKUs,Category
30 Caliber Bolt Action Bullet Cartridge Pen Kit,PKCP3000BU,6,PKCP8000;PKCP8010;PKCP8020;PKCP8030;PKCP8040;PKCP8050,Bolt Action Pen Kits
30 Caliber Bolt Action Bullet Cartridge Pencil Kit,PKCP3000BU,4,PKCP8100;PKCP8110;PKCP8120;PKCP8140,Bolt Action Pen Kits
30 Caliber Bolt Action Pen Kit,PKCP3000BU,1,PKCP8060,Bolt Action Pen Kits
4 Princess Twist Pen Kit Sampler Set,PKPRPENBU,1,PKPRPEN98,Princess Pen Kits
50 Caliber Machine Gun Bullet Cartridge Twist Pen Kit,PK50CALBU,1,PK50CAL,Bullet Cartridge Pen Kits
50 Caliber Machine Gun Bullet Cartridge Twist Pen Kit with Parker Style Refill,PK50CALPBU,1,PK50CALP,Bullet Cartridge Pen Kits
50 Caliber Machine Gun Cartridge Ball Point Flip Pen Kit,PK50RBU,1,PK50BPX,Bullet Cartridge Pen Kits
50 Caliber Machine Gun Cartridge Rollerball Flip Pen Kit,PK50RBU,1,PK50RBX,Bullet Cartridge Pen Kits
American Beauty Twist Pen Kit,PKABBU,4,PKABCH;PKABGM;PKABSC;PKABSGM,American Beauty Pen Kits
American Patriot Rollerball Pen Kit,PKPPRBBU,1,PKPPRBCH,American Patriot Pen Kits
American Patriot Twist Pen Kit,PKPPENBU,3,PKPPENAB;PKPPENAP;PKPPENCH,American Patriot Pen Kits
Anvil EDC Click Pen Kit,PKANVBU,5,PKANVAL;PKANVBKAL;PKANVBR;PKANVGM;PKANVST,Anvil EDC Pen Kits
Aromatherapy Twist Pen Kit,PKPUTBU,1,PKATHPSC,Aromatherapy Pen Kits
Astra Twist Pen Kit,PKASTRABU,5,PKASTRAAB;PKASTRAAP;PKASTRACH;PKASTRAGD;PKASTRAGM,Astra Pen Kits
Bald Eagle Insignia Flag Bolt Action Pen Kit,PKCP3000BU,3,PKCP8AEAB;PKCP8AEAC;PKCP8AEAP,Bolt Action Pen Kits
Big Ben and Two Tone Cigar Pen Kit,PKBIG-BU,2,PKBIGTTA;PKBIGTTB,Big Ben Cigar Pen Kits
Big Ben Brushed Satin Twist Pen Kit,PKBIG-BU,1,PKBIGS,Big Ben Cigar Pen Kits
Big Ben EDC and Click Pen Kit,PKBIGEDCBU,2,PKBIGEDCGC;PKBIGEDCGG,Big Ben Cigar Pen Kits
Big Ben EDC Click Pen Kit,PKBIGEDCBU,2,PKBIGEDCCH;PKBIGEDCGM,Big Ben Cigar Pen Kits
Big Ben Twist Pen Kit,PKBIG-BU,5,PKBIG;PKBIGAB;PKBIGAC;PKBIGGM;PKBIGP,Big Ben Cigar Pen Kits
Bird Twist Pen Kit,PKFEDBU,4,PKBIRD24;PKBIRDAB;PKBIRDCH;PKBIRDSG,Bird Pen Kits
Bolt Action Ceramic Flag and Pen Kit,PKCP3000BU,1,PKCP80CB24,Bolt Action Pen Kits
"Bolt Action Ceramic Red, White and Blue Flag and Pen Kit",PKCP3000BU,3,PKCP80CBK;PKCP80CCH;PKCP80CGM,Bolt Action Pen Kits
Bolt Action Ceramic Woodland Camouflage Pen Kit,PKCP3000BU,1,PKCP80CWD,Bolt Action Pen Kits
Bolt Action Tec-Pen Kit,PKTPENBU,4,PKTPEN24;PKTPENAB;PKTPENCH;PKTPENGM,Bolt Action Pen Kits
Botanical Twist Pen Kit,PKCTRBU,1,PKBOTANAB,Botanical Pen Kits
Breast Cancer Awareness with Pink Crystals Twist Pen Kit,PKBCPBU,2,PKBCPCH;PKBCPRG,Breast Cancer Awareness Pen Kits
Broadwell Art Deco TN and Ball Point Pen Kit,PKMAJSQBU,1,PKART5B,Broadwell Art Deco Pen Kits
Broadwell Nouveau Sceptre and Fountain Pen Kit,PKDBBUA,2,PKDBFBT;PKDBFP,Broadwell Nouveau Sceptre Pen Kits
Broadwell Nouveau Sceptre and Rollerball Pen Kit,PKDBBUA,3,PKDBRCH;PKDBRGM;PKDBRP,Broadwell Nouveau Sceptre Pen Kits
Cameron Rollerball Pen Kit,PKCMRBU,1,PKCMRCH,Cameron Pen Kits
Cat Oil Rubbed Twist Pen Kit,PKSHAKEBU,1,PKCATORB,Cat Pen Kits
Cat Twist Pen Kit,PKSHAKEBU,4,PKCAT24;PKCATAB;PKCATAP;PKCATCH,Cat Pen Kits
Celtic Twist Pen,PKGAFBU,3,PKCPEN24;PKCPENAB;PKCPENAP,Celtic Pen Kits
Celtic Twist Pen Kit,PKGAFBU,1,PKCPENAC,Celtic Pen Kits
Chalk Holder Kit,PKCKBU,1,PKCKCH,Specialty Pen Kits
Chic-Line V2 Twist Pen Kit,PKM-BUSH3,4,PKSLX242;PKSLXCH2;PKSLXGM2;PKSLXRG2,Chic-Line Pen Kits
Civil War Pen Kit,PKCWPENBU,2,PKCWPENC;PKCWPENGM,Bullet Cartridge Pen Kits
Clarion Demonstrator Fountain Pen Kit,PKCLFPBU,3,PKCLFP24;PKCLFPCH;PKCLFPGM,Clarion Demonstrator Pen Kits
Classic Twist Pen Kit,PKPARK-BU,2,PKPARK-C;PKPARK-G,Classic Pen Kits
Comfort Brushed Satin Twist Pen Kit,PKCFBUSH,1,PKCFPENS,Comfort Pen Kits
Comfort Nitride Twist Pen Kit,PKCFBUSH,1,PKCFPENTN,Comfort Pen Kits
Comfort Pencil Kit,PKCFBUSH,1,PKCFPCL,Comfort Pen Kits
Comfort Twist Pen Kit,PKCFBUSH,6,PKCFPEN;PKCFPENAB;PKCFPENB;PKCFPENBT;PKCFPENP;PKCFPENRG,Comfort Pen Kits
Compson Click Pen Kit,PKJPENBU,2,PKJPENBT;PKJPENCH,Compson Pen Kits
Compson T/N Click Pen Kit,PKJPENBU,1,PKJPENGT,Compson Pen Kits
Concava Twist Pen Kit,PKCONBU,4,PKCON24;PKCONBE;PKCONCH;PKCONGM,Concava Pen Kits
Cortona and Twist Pen Kit,PKCORBU,1,PKCORP24CH,Cortona Pen Kits
Cortona Twist Pen Kit,PKCORBU,3,PKCORP24;PKCORPCH;PKCORPGM,Cortona Pen Kits
Cowboy Twist Pen Kit,PKWESTBU,2,PKWESTAC;PKWESTAP,Cowboy Pen Kits
Credit Card Brushed Satin Twist Pen Kit,PKM-BUSH3,1,PKCCP,Specialty Pen Kits
Credit Card Twist Pen Kit,PKM-BUSH3,2,PKCCP24;PKCCPC,Specialty Pen Kits
Crown Jewel Twist Pen Kit,PKNICK-BU,2,PKRYL24;PKRYLCH,Crown Jewel Pen Kits
Deer Hunter Bolt Action Pen Kit,PKCP3000BU,3,PKCP8DHAB;PKCP8DHAC;PKCP8DHAP,Bolt Action Pen Kits
Deluxe Sketch Pen and Pencil Combo Kit,PKSPCL2BU,2,PKSPCL2BT;PKSPCL2C,Workshop Sketch Pen &amp; Pencil Kits
Designer Brushed Satin NT Twist Pen Kit,PKMONT2-BU,1,PKMONT2S,Designer Pen Kits
Designer NT Twist Pen Kit,PKMONT2-BU,3,PKMONT224;PKMONT2C;PKMONT2GM,Designer Pen Kits
Designer Twist Pen Kit,PKMONTBUY,1,PKMONT,Designer Pen Kits
Devin and Click Pen Kit,PK10-BUSH3,1,PKDVN24GM,Devin Pen Kits
Devin Click Pen Kit,PK10-BUSH3,3,PKDVN24;PKDVNCH;PKDVNGM,Devin Pen Kits
Diva Charm Aurora Borealis Pen Kit and T/N,PKCHPENBU,1,PKCHPEN7,Diva Charm Pen Kits
Diva Charm Clear Crystals Pen Kit TN and,PKCHPENBU,1,PKCHPEN1,Diva Charm Pen Kits
Diva Charm Ruby Red Crystals Pen Kit TN and,PKCHPENBU,1,PKCHPEN2,Diva Charm Pen Kits
Dog Click Pen Kit,PKMAJSQBU,4,PKDOG24;PKDOGAB;PKDOGAP;PKDOGCH,Dog Pen Kits
Dragon Twist Pen Kit,PKDRABU,3,PKDRAAB;PKDRAAC;PKDRAAP,Dragon Pen Kits
Duchess 2-Tone and Twist Pen Kit,PKCFBUSH,1,PKDU24CH,Duchess Pen Kits
Duchess Twist Pen Kit,PKCFBUSH,2,PKDU24;PKDUCH,Duchess Pen Kits
DuraClick 303 Pencil Kit,PKSPCL3BU,1,PKEDCDPLST,Duraclick EDC Pen Kits
DuraClick 6061-T6 Pencil Kit,PKSPCL3BU,2,PKEDCDPLAL;PKEDCDPLBA,Duraclick EDC Pen Kits
DuraClick Burnt Anodized 6061-T6 Pencil Kit,PKSPCL3BU,1,PKEDCDPLBB,Duraclick EDC Pen Kits
DuraClick C3604 Pencil Kit,PKSPCL3BU,1,PKEDCDPLBR,Duraclick EDC Pen Kits
DuraClick EDC Pen Kit,PKSPCL3BU,5,PKEDCDAL;PKEDCDBAL;PKEDCDBR;PKEDCDGM;PKEDCDST,Duraclick EDC Pen Kits
DuraClick EDC Pen Kit 6061-T6 Burnt,PKSPCL3BU,1,PKEDCDBB,Duraclick EDC Pen Kits
DuraClick EDC Pencil Kit,PKSPCL3BU,1,PKEDCDPLGM,Duraclick EDC Pen Kits
DuraClick Slim 303 EDC Pen Kit,PKDUSLIMBU,1,PKDUSLIMST,Duraclick EDC Pen Kits
DuraClick Slim 6061-T6 EDC Pen Kit,PKDUSLIMBU,1,PKDUSLIMBK,Duraclick EDC Pen Kits
DuraClick Slim EDC Pen Kit,PKDUSLIMBU,3,PKDUSLIM24;PKDUSLIMCH;PKDUSLIMGM,Duraclick EDC Pen Kits
DuraClick Slim Mini EDC Pen Kit,PKDUSLIMBU,4,PKDUSMINCH;PKDUSMINGD;PKDUSMINGM;PKDUSMINST,Duraclick EDC Pen Kits
Everlasting Pencil Kit,PKM-BUSH3,2,PKEVERCH;PKEVERGM,Everlasting Pencil Kits
Everyday Classic Click Pen Kit,PKSPCL3BU,2,PKEDCLCH;PKEDCLST,Everyday Classic Pen Kits
Executive Brushed Satin Twist Pen Kit,PKEXEC-BU,1,PKEXECPENS,Executive Pen Kits
Executive Fountain Magnetic Pen Kit,PKEXECRBU,3,PKEXECF24;PKEXECFCH;PKEXECFGM,Executive Pen Kits
Executive Rollerball Magnetic Pen Kit,PKEXECRBU,3,PKEXECR24;PKEXECRCH;PKEXECRGM,Executive Pen Kits
Executive Twist Pen Kit,PKEXEC-BU,4,PKEXEC-PEN;PKEXECPENC;PKEXECPENE;PKEXECPENG,Executive Pen Kits
Faith Hope Love Antique CopperTwist Pen Kit,PKHPENBU,1,PKHPENAC,Faith Hope Love Pen Kits
Faith Hope Love Twist Pen Kit,PKHPENBU,3,PKHPEN24;PKHPENAB;PKHPENAP,Faith Hope Love Pen Kits
Filibella Twist Pen Kit,PKFPENBU2,3,PKFPENAB;PKFPENAC;PKFPENAP,Filibella Pen Kits
"Firefighter ""Push and Lock"" Pen Kit",PKFIREBU,2,PKFIREAB;PKFIRECHR,Firefighter Pen Kits
"Firefighter ""Push and Lock"" Pen Kit and Red",PKFIREBU,1,PKFIREBKR,Firefighter Pen Kits
"Firefighter ""Push and Lock"" Pen Kit and Yellow",PKFIREBU,1,PKFIREBKY,Firefighter Pen Kits
"Firefighter ""Push and Lock"" Pen Kit Polished and Red",PKFIREBU,1,PKFIREBRR,Firefighter Pen Kits
Firefighter Push and Lock Pen Kit,PKFIREBU,1,PKFIREAP,Firefighter Pen Kits
Fly Fishing Twist Pen Kit,PKPPENBU,3,PKFLYAB;PKFLYAC;PKFLYAP,Fly Fishing Pen Kits
Football Twist Pen Kit,PKFBALLBU,4,PKFBALL24;PKFBALLAB;PKFBALLAP;PKFBALLCH,Football Pen Kits
Footprints the Sand Pen Kit,PKFSANDBU,4,PKFSANDAP;PKFSANDCH;PKFSANDGD;PKFSANDGM,Footprints in Sand Pen Kits
Fore Real Golf Pencil Kit,PKGOLFBU,4,PKGOLF24;PKGOLFCH;PKGOLFGM;PKGOLFSC,Fore Real Golf Pencil Kits
Funline Comfort Economy Twist Pen Kit,PKCFBUSH,1,PKCFFUN24,Funline Pen Kits
Funline Comfort Satin Pearl Twist Pen Kit,PKCFBUSH,1,PKCFFUNSP,Funline Pen Kits
Funline Comfort Twist Pen Kit,PKCFBUSH,4,PKCFFUNCH;PKCFFUNCO;PKCFFUNGM;PKCFFUNSG,Funline Pen Kits
Funline Designer Economy Twist Pen Kit,PKMONTBUY,1,PKMTFUN24,Funline Pen Kits
Funline Designer Satin Pearl Twist Pen Kit,PKMONTBUY,1,PKMTFUNSP,Funline Pen Kits
Funline Designer Twist Pen Kit,PKMONTBUY,3,PKMTFUNCH;PKMTFUNGM;PKMTFUNSG,Funline Pen Kits
Funline Designer Twist Pen Kits,PKMONTBUY,1,PKMTFUNCO,Funline Pen Kits
Funline Slimline Economy Pen Kit,PKM-BUSH3,1,PKSLFUN24,Funline Pen Kits
Funline Slimline Economy Pencil Kit,PKM-BUSH3,1,PKSLFUPL24,Funline Pen Kits
Funline Slimline Pencil Kit,PKM-BUSH3,3,PKSLFUPLCH;PKSLFUPLCO;PKSLFUPLGM,Funline Pen Kits
Funline Slimline Satin Pearl Pen Kit,PKM-BUSH3,1,PKSLFUNSP,Funline Pen Kits
Funline Slimline Twist Pen Kit,PKM-BUSH3,4,PKSLFUNCH;PKSLFUNCO;PKSLFUNGM;PKSLFUNSG,Funline Pen Kits
Gatsby and Twist Pen Kit,PKGABU,2,PKGA24GM;PKGACHGM,Gatsby Pen Kits
Gatsby Brushed Satin Twist Pen Kit,PKGABU,1,PKGAPENS,Gatsby Pen Kits
Gatsby Click Pen Kit,PKGABU,3,PKGAPENC24;PKGAPENCP;PKGAPENCTN,Gatsby Pen Kits
Gatsby Grande and Twist Pen Kit,PKGAFBU,2,PKGAF24GM;PKGAFCHGM,Gatsby Pen Kits
Gatsby Grande Twist Pen Kit,PKGAFBU,3,PKGAF24;PKGAFCH;PKGAFGM,Gatsby Pen Kits
Gatsby Twist Pen Kit,PKGABU,6,PKGAPEN24;PKGAPENAB;PKGAPENAC;PKGAPENCH;PKGAPENGM;PKGAPENTN,Gatsby Pen Kits
Gearshift Pen Kit,PKMAJSQBU,4,PKGEARAB;PKGEARAP;PKGEARCH;PKGEARGM,Gearshift Pen Kits
Golf Driver Pen Kit,PKCLUBBU,2,PKCLUBDCH;PKCLUBDGM,Golf Pen Kits
Golf Iron Pen Kit,PKCLUBBU,2,PKCLUBRCH;PKCLUBRGM,Golf Pen Kits
Golf Putter Pen Kit,PKCLUBBU,2,PKCLUBPCH;PKCLUBPGM,Golf Pen Kits
Graduate Twist Pen Kit,PKGRADBU,3,PKGRAD24;PKGRADCH;PKGRADGM,Graduate Pen Kits
Grenade Click Pen Kit,PKGRENBU,1,PKGREN24,Grenade Pen Kits
Groove Click Pen Kit,PKM-BUSH3,4,PKGVCL24;PKGVCLCH;PKGVCLGM;PKGVCLSC,Groove Pen Kits
Groove Twist Pen Kit,PKM-BUSH3,4,PKGVTW24;PKGVTWCH;PKGVTWGM;PKGVTWSC,Groove Pen Kits
GT2 with Stylus Twist Pen Kit,NOT LISTED,1,PKGT2STGM,GT2 Pen Kits
Handgun Click Pen Kit,PKABBU,4,PKHGUNAB;PKHGUNAP;PKHGUNFBK;PKHGUNGM,Handgun Pen Kits
Heavenly Messenger Cardinal Ballpoint Twist Pen Kit,PKFSANDBU,4,PKHEAVAP;PKHEAVCH;PKHEAVGD;PKHEAVGM,Heavenly Messenger Cardinal Pen Kits
Hockey Twist Pen Kit,PKHOCKBU,3,PKHOCKCH;PKHOCKGD;PKHOCKGM,Hockey Pen Kits
Honeycomb and Twist Pen Kit,PKHCBU,1,PKHCABAP,Honeycomb Pen Kits
Horse Twist Pen Kit,PK50RBU,4,PKHORSEAB;PKHORSEAP;PKHORSECH;PKHORSEGD,Horse Pen Kits
Icon Pen Kit,PKM-BUSH3,2,PKICONCH;PKICONGM,Icon Pen Kits
Icon Pen Kit 6061-T6,PKM-BUSH3,1,PKICONAL,Icon Pen Kits
Jet Airliner Twist Pen Kit,NOT LISTED,1,PKLINERAP,Airplane Pen Kits
Jet Airliner Twist Pen Kit,PKLINERBU,2,PKLINERCH;PKLINERGD,Airplane Pen Kits
John 3:16 Twist Pen Kit,PKFSANDBU,4,PKJ316AP;PKJ316CH;PKJ316GD;PKJ316GM,Christian Pen Kits
Knights Armor Twist Pen,PKMAJSQBU,2,PKA100;PKA110,Knights Armor Pen Kits
Kole EDC Click Pen Kit,PKSRBU,4,PKKOLEBR;PKKOLECH;PKKOLEGD;PKKOLEGM,Kole EDC Pen Kits
Kole EDC Click Pen Kit Anodized Aliuminum,PKSRBU,1,PKKOLEBK,Kole EDC Pen Kits
Lever Action Click Pen Kit with Metal Gunstock,PKLEVBU,5,PKLEV24X;PKLEVABX;PKLEVAPX;PKLEVBKX;PKLEVGMX,Lever Action Pen Kits
Lighthouse Pen Kit,PKSCERBU,3,PKLHPENAB;PKLHPENAC;PKLHPENAP,Lighthouse Pen Kits
Love Twist Pen Kit,PKLOVEBU,1,PKLOVEGD,Love Pen Kits
Magnetic Graduate Fountain Pen Kit,PKGRAD2BU,3,PKGRAF24;PKGRAFCH;PKGRAFGM,Graduate Pen Kits
Magnetic Graduate Rollerball Pen Kit,PKGRAD2BU,3,PKGRAR24;PKGRARCH;PKGRARGM,Graduate Pen Kits
Magnetic Vertex Brushed Satin Fountain Pen Kit,PKFP5000BU,1,PKFP5120,Vertex Pen Kits
Magnetic Vertex Brushed Satin Rollerball Pen Kit,PKFP5000BU,1,PKFP5020,Vertex Pen Kits
Magnetic Vertex Fountain Pen Kit,PKFP5000BU,2,PKFP5100;PKFP5110,Vertex Pen Kits
Magnetic Vertex Rollerball Pen Kit,PKFP5000BU,3,PKFP5000;PKFP5010;PKFP5030,Vertex Pen Kits
Magnum Bolt Action Pen Kit,PKCP7000BU,5,PKCP7500;PKCP7510;PKCP7520;PKCP7530;PKCP7540,Bolt Action Pen Kits
Majestic / Fountain Pen Kit,PKMAJBU,2,PKMAFGP;PKMAFTP,Majestic Pen Kits
Majestic / Rollerball Pen Kit,PKMAJBU,2,PKMAJGP;PKMAJTP,Majestic Pen Kits
Majestic Jr. / Fountain Pen Kit,PKMAJJRBU,2,PKMAFGPJR;PKMAFTPJR,Majestic Pen Kits
Majestic Jr. / Rollerball Pen Kit,PKMAJJRBU,2,PKMAJGPJR;PKMAJTPJR,Majestic Pen Kits
Majestic Jr. and Rollerball Pen Kit,PKMAJJRBU,1,PKMAJAXJR,Majestic Pen Kits
Majestic Squire 22kt 2-micron and Ballpoint Twist Pen Kit,PKMAJSQBU,2,PKMAJSQ2P;PKMAJSQ4P,Majestic Pen Kits
Majestic Squire and Twist Pen Kit,PKMAJSQBU,1,PKMAJSQ5P,Majestic Pen Kits
Majestic Squire EDC and Ballpoint Click Pen Kit,PKMAJSQBU,1,PKMAJSQ6CL,Majestic Pen Kits
Majestic Squire EDC TN and Ballpoint Click Pen Kit,PKMAJSQBU,1,PKMAJSQ1CL,Majestic Pen Kits
Majestic Squire TN and Ballpoint Twist Pen Kit,PKMAJSQBU,2,PKMAJSQ1;PKMAJSQ3,Majestic Pen Kits
Matthew 17:20 Mustard Seed Twist Pen Kit,PKFSANDBU,4,PKM1720AP;PKM1720CH;PKM1720GD;PKM1720GM,Christian Pen Kits
Mechanical Carpenters Pencil Kit,PKMAJSQBU,3,PKCARPBR;PKCARPCH;PKCARPGM,Mechanical Pencil Kits
Mechanical Pencil Kit,PKFPBU,4,PKMPL24;PKMPLAB;PKMPLAP;PKMPLCH,Mechanical Pencil Kits
Medical Twist Pen Kit,PKMEDBU,4,PKMEDAB;PKMEDAP;PKMEDGD;PKMEDGM,Medical Pen Kits
Mini 30 Caliber Bolt Action Pen Kit,PKCP3000BU,3,PKCP8200;PKCP8210;PKCP8220,Bolt Action Pen Kits
Mini 30 Caliber Bullet Cartridge Twist Pen,PKM-BUSH3,1,PK30M,Bullet Cartridge Pen Kits
Mini Bolt Action Keychain Kit,PKCPMINBU,2,PKCPMINCH;PKCPMINGM,Key Chain Pen Kits
Mini Click Pen Kit,PKMINCLKBU,1,PKMINCLKC,Specialty Pen Kits
Mini Designer Pen Kit,PKMONT2-BU,1,PKMTMIN24,Designer Pen Kits
Mini Keychain Pen Kit,PKM-BUSH3,2,PKMINI;PKMINICH,Key Chain Pen Kits
Mini Sketch Pencil Kit: with 3mm lead,PKSPCL3BU,1,PKSPCL3C,Workshop Sketch Pen &amp; Pencil Kits
Motorcycle and Kickstart Action Pen Kit,PKPT100BU,1,PKMOTMBCH,Motorcycle Pen Kits
Motorcycle Kickstart Action Pen Kit,PKPT100BU,3,PKMOTAP;PKMOTCH;PKMOTMB,Motorcycle Pen Kits
Music Twist Pen Kit,PKMUSBU,4,PKMUS24;PKMUSAB;PKMUSAP;PKMUSCH,Music Pen Kits
Nautical Twist Pen Kit,PKMAJSQBU,3,PKNAUTAB;PKNAUTAC;PKNAUTAP,Nautical Pen Kits
Nouveau Sceptre and Ballpoint Twist Pen Kit,PKMAJSQBU,2,PKDBN5B;PKDBN6B,Broadwell Nouveau Sceptre Pen Kits
Nouveau Sceptre TN and Ballpoint Twist Pen Kit,PKMAJSQBU,1,PKDBN7B,Broadwell Nouveau Sceptre Pen Kits
Olive Branch Twist Pen Kit,PKOLIVEBU,4,PKOLIVEAB;PKOLIVEAP;PKOLIVECH;PKOLIVEGD,Olive Branch Pen Kits
Over and Under Shotgun Roller Ball Pen Kit,PKCP6000BU,3,PKCP6000;PKCP6010;PKCP6020,Bullet Cartridge Pen Kits
Oxford V2 Rollerball Pen Kit,PKL760BU,2,PKL760;PKL765,Oxford Pen Kits
Patrizio Twist Pen Kit,PKPATPENBU,2,PKPATPEN24;PKPATPENGM,Patrizio Pen Kits
Perfume Pen Kit,PKPERF-BU,1,PKPERF,Perfume Kits
Phoenix Rising Twist Pen Kit,PKVICBU,3,PKRISEAB;PKRISEAC;PKRISEAP,Phoenix Rising Pen Kits
Pickleball Twist Pen Kit,PKHOCKBU,2,PKPICKLEAB;PKPICKLEAP,Pickleball Pen Kits
Piston Pen Kit Oil Rubbed with Wheels,PKCP3000BU,1,PKPISTORB,Piston Pen Kits
Piston Pen Kit with Oil Rubbed Wheels,PKCP3000BU,1,PKPISTBR,Piston Pen Kits
Piston Pen Kit with Wheels,PKCP3000BU,2,PKPISTCH;PKPISTGM,Piston Pen Kits
Police Click Pen Kit,PKPOLICEBU,2,PKPOLICEGM;PKPOLICESG,Police Pen Kits
Police Click Pen Kit Matte,PKPOLICEBU,1,PKPOLICE24,Police Pen Kits
Pool Cue Band Rollerball Pen Kit,PKPCUBU,2,PKPCUBKSC;PKPCUCHBK,Pool Cue Pen Kits
Pool Cue Chalk Holder Pen Kit,NOT LISTED,3,PKCOLDCH;PKCOLDGM;PKCOLDSC,Pool Cue Pen Kits
Presimo and Fountain Pen Kit,PKPT100BU,1,PKPT100FCH,Presimo Pen Kits
Presimo and Rollerball Pen Kit,PKPT100BU,1,PKPT100RCH,Presimo Pen Kits
Presimo Etched Fountain Pen Kit,PKPT100BU,1,PKPT100FRT,Presimo Pen Kits
Presimo Etched Rollerball Pen Kit,PKPT100BU,1,PKPT100RRT,Presimo Pen Kits
Princess with Blue Stones Pen Kit,PKPRPENBU,1,PKPRPEN3,Princess Pen Kits
Princess with Clear Stones Pen Kit,PKPRPENBU,2,PKPRPEN1;PKPRPEN4,Princess Pen Kits
Princess with Pink Stones Pen Kit,PKPRPENBU,1,PKPRPEN2,Princess Pen Kits
Professional and Twist Pen Kit,PKPRFBU,1,PKPRFCH,Professional Pen Kits
Propeller Twist Pen Kit,PKPROPBU,4,PKPROPAB;PKPROPAP;PKPROPCH;PKPROPGD,Airplane Pen Kits
Protura Twist Pen Kit,NOT LISTED,3,PKPRTCH;PKPRTGD;PKPRTGM,Protura Pen Kits
RAW 6061 Fountain Pen Kit,PKMAJSQBU,1,PKRAWFAL,RAW Pen Kits
RAW Fountain Pen Kit,PKMAJSQBU,2,PKRAWFBR;PKRAWFST,RAW Pen Kits
RAW Fountain Pen Kit with Clip,PKMAJSQBU,1,PKRAWFBRC,RAW Pen Kits
RAW Rollerball Pen Kit,PKMAJSQBU,3,PKRAWAL;PKRAWBR;PKRAWST,RAW Pen Kits
RAW Rollerball Pen Kit with Clip,PKMAJSQBU,1,PKRAWBRC,RAW Pen Kits
Revolver Click Pen Kit,PKREVBU,4,PKREVAB;PKREVAP;PKREVCH;PKREVGM,Revolver Pen Kits
Rollester Rollerball Pen Kit,PKCHPENBU,2,PKRB1000;PKRB1020,Rollester Pen Kits
Rollester with Cap Rollerball Pen Kit,PKCHPENBU,2,PKRB1010;PKRB1015,Rollester Pen Kits
Salute The Troops Bolt Action Pen Kit,PKCP3000BU,3,PKCP8ARAB;PKCP8ARAC;PKCP8ARAP,Bolt Action Pen Kits
Saxa EDC Click Pen Kit,PKM-BUSH3,3,PKSAXACH;PKSAXAGD;PKSAXAGM,Saxa EDC Pen Kits
Saxa EDC Pencil Kit,PKM-BUSH3,3,PKSAXALCH;PKSAXALGD;PKSAXALGM,Saxa EDC Pen Kits
Sculpted Arbor Pen Kit,PKSC-BU,1,PKSC-PEN6,Sculpted Pen Kits
Sculpted Floral Design Twist Pen Kit,PKSC-BU,1,PKSC-PEN4,Sculpted Pen Kits
Sculpted Latticed Twist Pen Kit,PKSC-BU,1,PKSC-PEN3,Sculpted Pen Kits
Sculptured Twist Pen Kit,PKSC-BU,1,PKSC-PEN,Sculpted Pen Kits
Semi Automatic Rifle Side Action Click Pen Kit,PKAUTOBU,2,PKAUTOAB;PKAUTOAP,Semi Automatic Rifle Pen Kits
Serpent Twist Pen Kit,PKSERBU,3,PKSER22;PKSERAB;PKSERAP,Serpent Pen Kits
Shake Pen Kit,PKSHAKEBU,2,PKSHA24;PKSHACH,Shake Pen Kits
Skull Twist Pen Kit,PKSKULLBU,4,PKSKULLAB;PKSKULLAP;PKSKULLCH;PKSKULLGM,Skull Pen Kits
Slimline Brushed Satin Pen Kit,PKM-BUSH3,1,PK-PENSAT,Slimline Pen Kits
Slimline Brushed Satin Pencil Kit,PKM-BUSH3,1,PK-PCLSAT,Slimline Pen Kits
Slimline Nitride Twist Pen Kit,PKM-BUSH3,1,PK-PENA2TN,Slimline Pen Kits
Slimline Pen Kit,PKM-BUSH3,6,PK-PEN;PK-PENA2B;PK-PENA2P;PK-PENAC;PK-PENRG;PKPENA2BT,Slimline Pen Kits
Slimline Pencil Kit,PKM-BUSH3,4,PK-PCL;PK-PCLA2B;PK-PCLA2P;PKPCLA2BT,Slimline Pen Kits
Slimline Pro Brushed Satin Click Pen Kit,PK-PENXXBU,1,PK-PENXXS,Slimline Pro Pen Kits
Slimline Pro Click Pen Kit,PK-PENXXBU,3,PK-PENXX;PKPENXXAB;PKPENXXBT,Slimline Pro Pen Kits
Slimline Pro EDC Click Pen Kit,PK-PENXXBU,2,PKPENXEDCH;PKPENXEDGD,Slimline Pro Pen Kits
Slimline Pro EDC Click Pen Kit,NOT LISTED,1,PKPENXEDGM,Slimline Pro Pen Kits
Slimline Pro Pen Kit,PK-PENXXBU,1,PKPENXXCH,Slimline Pro Pen Kits
Slimline Pro Pencil Kit,PK-PENXXBU,2,PK-PCLXX;PKPCLXXCH,Slimline Pro Pen Kits
Slimline Twist Pen Kit,PKM-BUSH3,1,PK-PENAB,Slimline Pen Kits
Soccer Twist Pen Kit,PKSCERBU,3,PKSCERAP;PKSCERCH;PKSCERGM,Soccer Pen Kits
Sophro Capless Rollerball Twist Pen Kit,PKSOPHBU,2,PKSOPHAL;PKSOPHCH,Sophro Pen Kits
Southwest with Turquoise Stone Twist Pen Kit,PKSWPBU,2,PKSWPAB;PKSWPAP,Southwest Pen Kits
Spartan Click Pen Kit,PKMAJSQBU,2,PKRPEN24;PKRPENGM,Spartan Pen Kits
Statue of Liberty Flag Bolt Action Pen Kit,PKCP3000BU,3,PKCP8SLAB;PKCP8SLAC;PKCP8SLAP,Bolt Action Pen Kits
Steam Locomotive Pen Kit,PKPPENBU,2,PKSTLAP;PKSTLGM,Steam Locomotive Pen Kits
Steampump Pen Kit and,PKSPBU,1,PKSPABAP,Steampunk Pen Kits
Steampump Pen Kit Oil Rubbed and,PKSPBU,1,PKSPABORB,Steampunk Pen Kits
Steampunk Bolt Action and Pen Kit,PKVICBU,3,PKSPPA;PKSPPB;PKSPPC,Steampunk Pen Kits
Stratus Click Pen Kit,PKCHPENBU,2,PKKPEN24;PKKPENGM,Stratus Pen Kits
Stratus Pen Click Kit,PKCHPENBU,1,PKKPENCH,Stratus Pen Kits
Stratus Pencil Kit,PKCHPENBU,2,PKKPCLCH;PKKPCLGM,Stratus Pen Kits
Tank OD Green Twist Pen Kit,PKTANKBU,1,PKTANKGR,Tank Pen Kits
Tank Twist Pen Kit,PKTANKBU,2,PKTANKAB;PKTANKAP,Tank Pen Kits
Teachers Twist Pen Kit,PKM-BUSH3,1,PKTEACH,Specialty Pen Kits
Tee Time Golf Twist Pen Kit,PKBASKETBU,2,PKTEECH;PKTEEGD,Golf Pen Kits
Titan Gearshift Tire Spinner Pen Kit,PKGEARFBU,3,PKGEARFAB;PKGEARFAP;PKGEARFGM,Gearshift Pen Kits
Titan Gearshift Tire Spinner Pen Kit,NOT LISTED,1,PKGEARFCH,Gearshift Pen Kits
Touch Stylus Kit,PKM-BUSH3,2,PKTST24;PKTSTCH,Stylus Pen Kits
Touch Stylus Pen Kit,PKM-BUSH3,3,PKTSPEN24;PKTSPENCH;PKTSPENGM,Stylus Pen Kits
Traditional Fountain Pen Kit,PK10-BUSH3,1,PK10-FP2,Traditional Pen Kits
Traditional Rollerball Pen Kit,PK10-BUSH3,1,PK10-RP2,Traditional Pen Kits
Trimline Pencil Kit,PKXMBU,1,PKXMPLGM,Trimline Pen Kits
Trimline Twist Pen Kit,PKXMBU,3,PKXM24;PKXMCH;PKXMGM,Trimline Pen Kits
Tycoon Fountain Pen Kit,PKTYBU,1,PKTYFP24,Tycoon Pen Kits
Tycoon Rollerball Pen Kit,PKTYBU,2,PKTYRB24;PKTYRBP,Tycoon Pen Kits
Vertex Bolt Action Pen Kit,PKFP4500BU,3,PKFP4500;PKFP4510;PKFP4520,Vertex Pen Kits
Vertex Brushed Satin Click Pen Kit,PKFPBU,1,PKFP4020,Vertex Pen Kits
Vertex Click Pen Kit,PKFPBU,5,PKFP4000;PKFP4010;PKFP4030;PKFP4040;PKFP4050,Vertex Pen Kits
Vertex Pencil Kit,PKFPBU,2,PKFP4100;PKFP4110,Vertex Pen Kits
Vertex Supreme Fountain Pen Kit,PKGRAD2BU,1,PKFP5610,Vertex Pen Kits
Vertex Supreme Rollerball Pen Kit,PKGRAD2BU,2,PKFP5510;PKFP5540,Vertex Pen Kits
Vertex Supreme with Accents Fountain Pen Kit,PKGRAD2BU,1,PKFP5600,Vertex Pen Kits
Vertex Supreme with Accents Rollerball Pen Kit,PKGRAD2BU,1,PKFP5500,Vertex Pen Kits
Vesper Click Pen Kit,PKVESBU,3,PKVEP24;PKVEPCH;PKVEPGM,Vesper Pen Kits
Victorian Fountain Pen Kit,PKVICRBU,1,PKVICFPAB,Victorian Pen Kits
Victorian Twist Pen Kit,PKVICBU,3,PKVIC24;PKVICAB;PKVICAP,Victorian Pen Kits
We the People Bolt Action Pen Kit,PKCP3000BU,3,PKCP8WAB;PKCP8WAC;PKCP8WAP,Bolt Action Pen Kits
Workshop/Sketch Pencil Kit,PKSPCLBU,1,PKSPCL,Workshop Sketch Pen &amp; Pencil Kits
Yoga Oil Rubbed Twist Pen Kit,PKYOGABU,1,PKYOGAORB,Yoga Pen Kits
Yoga Twist Pen Kit,PKYOGABU,2,PKYOGA24;PKYOGACH,Yoga Pen Kits
