Kit ID,Title,Bushing IDs,Category,Drill Size(s),Tube Length(s)
PK30M,Mini 30 Caliber Bullet Cartridge Twist Pen,PKM-BUSH3,Bullet Cartridge Pen Kits,7mm,Tube / Barrel 7/8”
PK10-RP2,Traditional 24kt Gold Rollerball Pen Kit,PK10-BUSH3,Traditional Pen Kits,10mm,"Upper Tube 2-3/16"";Lower Tube 2-3/16"""
PK10-FP2,Traditional Gold Fountain Pen Kit,PK10-BUSH3,Traditional Pen Kits,10mm,"Upper Tube 2-3/16"";Lower Tube 2-3/16"""
PK50CALP,50 Caliber Machine Gun Bullet Cartridge Twist Pen Kit with Parker Style Refill,PK50CALPBU,Bullet Cartridge Pen Kits,8mm,Tube / Barrel 2.875”
PK50CAL,50 Caliber Machine Gun Bullet Cartridge Twist Pen Kit,PK50CALBU,Bullet Cartridge Pen Kits,7mm,NOT FOUND
PK50RBX,50 Caliber Machine Gun Cartridge Rollerball Flip Pen Kit,PK50RBU,Bullet Cartridge Pen Kits,3/8in,"Tube 2.120"""
PK50BPX,50 Caliber Machine Gun Cartridge Ball Point Flip Pen Kit,PK50RBU,Bullet Cartridge Pen Kits,3/8in,"Tube 2.120"""
PKA100,Knights Armor Twist Pen in Antique Pewter,PKMAJSQBU,Knights Armor Pen Kits,3/8in,Tube / Barrel 2.72”
PKA110,Knights Armor Twist Pen in Antique Brass,PKMAJSQBU,Knights Armor Pen Kits,3/8in,Tube / Barrel 2.72”
PKABCH,American Beauty Chrome Twist Pen Kit,PKABBU,American Beauty Pen Kits,3/8in,Tube 3”
PKABSC,American Beauty Satin Chrome Twist Pen Kit,PKABBU,American Beauty Pen Kits,3/8in,Tube 3”
PKABSGM,American Beauty Satin Gun Metal Twist Pen Kit,PKABBU,American Beauty Pen Kits,3/8in,Tube 3”
PKABGM,American Beauty Gun Metal Twist Pen Kit,PKABBU,American Beauty Pen Kits,3/8in,Tube 3”
PKANVAL,Anvil EDC Click Pen Kit in 6061-T6 Aluminum,PKANVBU,Anvil EDC Pen Kits,8mm,Tube 2.647”
PKANVBKAL,Anvil EDC Click Pen Kit in 6061-T6 Black Anodized Aluminum,PKANVBU,Anvil EDC Pen Kits,8mm,Tube 2.647”
PKANVBR,Anvil EDC Click Pen Kit in C3604 Brass,PKANVBU,Anvil EDC Pen Kits,8mm,Tube 2.647”
PKANVGM,Anvil EDC Click Pen Kit in Gun Metal,PKANVBU,Anvil EDC Pen Kits,8mm,Tube 2.647”
PKANVST,Anvil EDC Click Pen Kit in 303 Stainless Steel,PKANVBU,Anvil EDC Pen Kits,8mm,Tube 2.647”
PKASTRAGD,Astra Golden Twist Pen Kit,PKASTRABU,Astra Pen Kits,3/8in,Tube 3.190”
PKASTRAAP,Astra Antique Pewter Twist Pen Kit,PKASTRABU,Astra Pen Kits,3/8in,Tube 3.190”
PKASTRACH,Astra Chrome Twist Pen Kit,PKASTRABU,Astra Pen Kits,3/8in,Tube 3.190”
PKART5B,Broadwell Art Deco Gold TN and Chrome Ball Point Pen Kit,PKMAJSQBU,Broadwell Art Deco Pen Kits,3/8in,NOT FOUND
PKASTRAGM,Astra Gun Metal Twist Pen Kit,PKASTRABU,Astra Pen Kits,3/8in,Tube 3.190”
PKASTRAAB,Astra Antique Brass Twist Pen Kit,PKASTRABU,Astra Pen Kits,3/8in,Tube 3.190”
PKATHPSC,Aromatherapy Satin Chrome Twist Pen Kit,PKPUTBU,Aromatherapy Pen Kits,10mm,Lower Tube 1.83”;Upper Tube 1.93”
PKAUTOAB,Semi Automatic Rifle Antique Brass Side Action Click Pen Kit,PKAUTOBU,Semi Automatic Rifle Pen Kits,10mm,Tube / Barrel 2.365”
PKAUTOAP,Semi Automatic Rifle Antique Pewter Side Action Click Pen Kit,PKAUTOBU,Semi Automatic Rifle Pen Kits,10mm,Tube / Barrel 2.365”
PKBCPCH,Breast Cancer Awareness Chrome with Pink Crystals Twist Pen Kit,PKBCPBU,Breast Cancer Awareness Pen Kits,3/8in;8mm,Lower Tube / Barrel 2-7/16”;Upper Tube / Barrel 1-3/4”
PKBIG,Big Ben Gold Twist Pen Kit,PKBIG-BU,Big Ben Cigar Pen Kits,10mm,"Upper Tube 1-15/16"";Lower Tube 2-1/16"""
PKBCPRG,Breast Cancer Awareness Copper with Pink Crystals Twist Pen Kit,PKBCPBU,Breast Cancer Awareness Pen Kits,3/8in;8mm,Lower Tube / Barrel 2-7/16”;Upper Tube / Barrel 1-3/4”
PKBIGAC,Big Ben Antique Copper Twist Pen Kit,PKBIG-BU,Big Ben Cigar Pen Kits,10mm,"Upper Tube 1-15/16"";Lower Tube 2-1/16"""
PKBIGEDCCH,Big Ben EDC Chrome Click Pen Kit,PKBIGEDCBU,Big Ben Cigar Pen Kits,10mm,Tube 3.071”
PKBIGEDCGC,Big Ben EDC Golden and Chrome Click Pen Kit,PKBIGEDCBU,Big Ben Cigar Pen Kits,10mm,"Tube 3.071"""
PKBIGEDCGG,Big Ben EDC Golden and Gun Metal Click Pen Kit,PKBIGEDCBU,Big Ben Cigar Pen Kits,10mm,"Tube 3.071"""
PKBIGAB,Big Ben Antique Brass Twist Pen Kit,PKBIG-BU,Big Ben Cigar Pen Kits,10mm,"Upper Tube 1-15/16"";Lower Tube 2-1/16"""
PKBIGEDCGM,Big Ben EDC Gun Metal Click Pen Kit,PKBIGEDCBU,Big Ben Cigar Pen Kits,10mm,Tube 3.071”
PKBIGGM,Big Ben Gun Metal Twist Pen Kit,PKBIG-BU,Big Ben Cigar Pen Kits,10mm,"Upper Tube 1-15/16"";Lower Tube 2-1/16"""
PKBIGP,Big Ben Chrome Twist Pen Kit,PKBIG-BU,Big Ben Cigar Pen Kits,10mm,"Upper Tube 1-15/16"";Lower Tube 2-1/16"""
PKBIGS,Big Ben Brushed Satin Twist Pen Kit,PKBIG-BU,Big Ben Cigar Pen Kits,10mm,"Upper Tube 1-15/16"";Lower Tube 2-1/16"""
PKBIGTTB,Big Ben Gold and Chrome Two Tone Cigar Pen Kit,PKBIG-BU,Big Ben Cigar Pen Kits,10mm,"Upper Tube 1-15/16"";Lower Tube 2-1/16"""
PKBIRDAB,Bird Antique Brass Twist Pen Kit,PKFEDBU,Bird Pen Kits,3/8in,Tube 2.272”
PKBIGTTA,Big Ben Gold and Gun Metal Two Tone Cigar Pen Kit,PKBIG-BU,Big Ben Cigar Pen Kits,10mm,"Upper Tube 1-15/16"";Lower Tube 2-1/16"""
PKBIRD24,Bird 24kt Gold Twist Pen Kit,PKFEDBU,Bird Pen Kits,3/8in,Tube 2.272”
PKCARPBR,Mechanical Carpenters Pencil Kit in Brass,PKMAJSQBU,Mechanical Pencil Kits,3/8in,Tube 3.205”
PKBIRDCH,Bird Chrome Twist Pen Kit,PKFEDBU,Bird Pen Kits,3/8in,Tube 2.272”
PKBIRDSG,Bird Satin Gun Metal Twist Pen Kit,PKFEDBU,Bird Pen Kits,3/8in,Tube 2.272”
PKCARPCH,Mechanical Carpenters Pencil Kit in Chrome,PKMAJSQBU,Mechanical Pencil Kits,3/8in,Tube 3.205”
PKCARPGM,Mechanical Carpenters Pencil Kit in Gun Metal,PKMAJSQBU,Mechanical Pencil Kits,3/8in,Tube 3.205”
PKBOTANAB,Botanical Antique Brass Twist Pen Kit,PKCTRBU,Botanical Pen Kits,3/8in,Tube 2.127”
PKCCP24,Credit Card 24kt Gold Twist Pen Kit,PKM-BUSH3,Specialty Pen Kits,7mm,"Tube 1-1/2"""
PKCATAB,Cat Antique Brass Twist Pen Kit,PKSHAKEBU,Cat Pen Kits,10mm,Lower Tube 1.976”;Upper Tube 1.617”
PKCAT24,Cat Gold Twist Pen Kit,PKSHAKEBU,Cat Pen Kits,10mm,Lower Tube 1.976”;Upper Tube 1.617”
PKCCP,Credit Card Brushed Satin Twist Pen Kit,PKM-BUSH3,Specialty Pen Kits,7mm,"Tube 1-1/2"""
PKCATCH,Cat Chrome Twist Pen Kit,PKSHAKEBU,Cat Pen Kits,10mm,Lower Tube 1.976”;Upper Tube 1.617”
PKCCPC,Credit Card Chrome Twist Pen Kit,PKM-BUSH3,Specialty Pen Kits,7mm,"Tube 1-1/2"""
PKCATAP,Cat Antique Pewter Twist Pen Kit,PKSHAKEBU,Cat Pen Kits,10mm,Lower Tube 1.976”;Upper Tube 1.617”
PKCATORB,Cat Oil Rubbed Bronze Twist Pen Kit,PKSHAKEBU,Cat Pen Kits,10mm,Lower Tube 1.976”;Upper Tube 1.617”
PKCFFUN24,Funline Comfort Economy Gold Twist Pen Kit,PKCFBUSH,Funline Pen Kits,7mm,"Lower Tube 2-1/32"";Upper Tube 2.03"""
PKCFFUNCH,Funline Comfort Chrome Twist Pen Kit,PKCFBUSH,Funline Pen Kits,7mm,"Lower Tube 2-1/32"";Upper Tube 2.03"""
PKCFPCL,Comfort Gold Pencil Kit,PKCFBUSH,Comfort Pen Kits,7mm,"Lower Tube 2-1/32"";Upper Tube 2.03"""
PKCFFUNGM,Funline Comfort Gun Metal Twist Pen Kit,PKCFBUSH,Funline Pen Kits,7mm,"Lower Tube 2-1/32"";Upper Tube 2.03"""
PKCFFUNCO,Funline Comfort Copper Twist Pen Kit,PKCFBUSH,Funline Pen Kits,7mm,"Lower Tube 2-1/32"";Upper Tube 2.03"""
PKCFFUNSG,Funline Comfort Satin Gold Twist Pen Kit,PKCFBUSH,Funline Pen Kits,7mm,"Lower Tube 2-1/32"";Upper Tube 2.03"""
PKCFFUNSP,Funline Comfort Satin Pearl Twist Pen Kit,PKCFBUSH,Funline Pen Kits,7mm,"Lower Tube 2-1/32"";Upper Tube 2.03"""
PKCFPEN,Comfort Gold Twist Pen Kit,PKCFBUSH,Comfort Pen Kits,7mm,"Lower Tube 2-1/32"";Upper Tube 2.03"""
PKCFPENB,Comfort Black Enamel Twist Pen Kit,PKCFBUSH,Comfort Pen Kits,7mm,"Lower Tube 2-1/32"";Upper Tube 2.03"""
PKCFPENBT,Comfort Gun Metal Twist Pen Kit,PKCFBUSH,Comfort Pen Kits,7mm,"Lower Tube 2-1/32"";Upper Tube 2.03"""
PKCFPENAB,Comfort Antique Brass Twist Pen Kit,PKCFBUSH,Comfort Pen Kits,7mm,"Lower Tube 2-1/32"";Upper Tube 2.03"""
PKCFPENP,Comfort Chrome Twist Pen Kit,PKCFBUSH,Comfort Pen Kits,7mm,"Lower Tube 2-1/32"";Upper Tube 2.03"""
PKCFPENRG,Comfort Copper Twist Pen Kit,PKCFBUSH,Comfort Pen Kits,7mm,"Lower Tube 2-1/32"";Upper Tube 2.03"""
PKCFPENS,Comfort Brushed Satin Twist Pen Kit,PKCFBUSH,Comfort Pen Kits,7mm,"Lower Tube 2-1/32"";Upper Tube 2.03"""
PKCFPENTN,Comfort Gold Titanium Nitride Twist Pen Kit,PKCFBUSH,Comfort Pen Kits,7mm,"Lower Tube 2-1/32"";Upper Tube 2.03"""
PKCHPEN1,Diva Charm Clear Crystals Pen Kit in Gold TN and Chrome,PKCHPENBU,Diva Charm Pen Kits,3/8in,"Tube 2 1/8"""
PKCHPEN2,Diva Charm Ruby Red Crystals Pen Kit in Gold TN and Rhodium,PKCHPENBU,Diva Charm Pen Kits,3/8in,"Tube 2 1/8"""
PKCKCH,Chalk Holder Chrome Kit,PKCKBU,Specialty Pen Kits,12.5mm,"Tube 2.96"""
PKCHPEN7,Diva Charm Aurora Borealis Pen Kit in Chrome and Gold T/N,PKCHPENBU,Diva Charm Pen Kits,3/8in,"Tube 2 1/8"""
PKCLFP24,Clarion Demonstrator 24kt Gold Fountain Pen Kit,PKCLFPBU,Clarion Demonstrator Pen Kits,12.5mm,"Tube 1.90"""
PKCLUBRGM,Golf Iron Gun Metal Pen Kit,PKCLUBBU,Golf Pen Kits,7mm;8mm,Tube 2-15/16”
PKCLFPGM,Clarion Demonstrator Gun Metal Fountain Pen Kit,PKCLFPBU,Clarion Demonstrator Pen Kits,12.5mm,"Tube 1.90"""
PKCLFPCH,Clarion Demonstrator Chrome Fountain Pen Kit,PKCLFPBU,Clarion Demonstrator Pen Kits,12.5mm,"Tube 1.90"""
PKCLUBDCH,Golf Driver Chrome Pen Kit,PKCLUBBU,Golf Pen Kits,7mm;8mm,Tube 2-15/16”
PKCLUBDGM,Golf Driver Gun Metal Pen Kit,PKCLUBBU,Golf Pen Kits,7mm;8mm,Tube 2-15/16”
PKCLUBPGM,Golf Putter Gun Metal Pen Kit,PKCLUBBU,Golf Pen Kits,7mm;8mm,Tube 2-15/16”
PKCLUBPCH,Golf Putter Chrome Pen Kit,PKCLUBBU,Golf Pen Kits,7mm;8mm,Tube 2-15/16”
PKCLUBRCH,Golf Iron Chrome Pen Kit,PKCLUBBU,Golf Pen Kits,7mm;8mm,Tube 2-15/16”
PKCOLDCH,Pool Cue Chalk Holder Pen Kit in Chrome,PKCOLDBU,Pool Cue Pen Kits,7mm,"Upper Tube 2-3/4"";Lower Tube 1-9/32"""
PKCOLDGM,Pool Cue Chalk Holder Pen Kit in Gun Metal,PKCOLDBU,Pool Cue Pen Kits,7mm,"Upper Tube 2-3/4"";Lower Tube 1-9/32"""
PKCOLDSC,Pool Cue Chalk Holder Pen Kit in Satin Chrome,PKCOLDBU,Pool Cue Pen Kits,7mm,"Upper Tube 2-3/4"";Lower Tube 1-9/32"""
PKCMRCH,Cameron Chrome Rollerball Pen Kit,PKCMRBU,Cameron Pen Kits,10.5mm;12.5mm,Upper Tube 1.830”;Lower Tube 2.089”
PKCONBE,Concava Black Enamel Twist Pen Kit,PKCONBU,Concava Pen Kits,7mm,Lower Tube / Barrel 2-1/4”;Upper Tube / Barrel 1-11/16”
PKCONCH,Concava Chrome Twist Pen Kit,PKCONBU,Concava Pen Kits,7mm,Lower Tube / Barrel 2-1/4”;Upper Tube / Barrel 1-11/16”
PKCON24,Concava Gold Twist Pen Kit,PKCONBU,Concava Pen Kits,7mm,Lower Tube / Barrel 2-1/4”;Upper Tube / Barrel 1-11/16”
PKCORP24,Cortona Gold Twist Pen Kit,PKCORBU,Cortona Pen Kits,8mm,Tube 2.99”
PKCONGM,Concava Gun Metal Twist Pen Kit,PKCONBU,Concava Pen Kits,7mm,Lower Tube / Barrel 2-1/4”;Upper Tube / Barrel 1-11/16”
PKCORP24CH,Cortona Gold and Chrome Twist Pen Kit,PKCORBU,Cortona Pen Kits,8mm,Tube 2.99”
PKCORPCH,Cortona Chrome Twist Pen Kit,PKCORBU,Cortona Pen Kits,8mm,Tube 2.99”
PKCORPGM,Cortona Gun Metal Twist Pen Kit,PKCORBU,Cortona Pen Kits,8mm,Tube 2.99”
PKCP6010,Over and Under Shotgun Chrome Roller Ball Pen Kit,PKCP6000BU,Bullet Cartridge Pen Kits,12.5mm;9/16in,Upper Tube 1.871”;Lower Tube 2.032”
PKCP6000,Over and Under Shotgun Gold Roller Ball Pen Kit,PKCP6000BU,Bullet Cartridge Pen Kits,12.5mm;9/16in,Upper Tube 1.871”;Lower Tube 2.032”
PKCP6020,Over and Under Shotgun Gun Metal Roller Ball Pen Kit,PKCP6000BU,Bullet Cartridge Pen Kits,12.5mm;9/16in,Upper Tube 1.871”;Lower Tube 2.032”
PKCP7500,Magnum Bolt Action Gold Pen Kit,PKCP7000BU,Bolt Action Pen Kits,10mm,Tube / Barrel 2-1/16”
PKCP7520,Magnum Bolt Action Gun Metal Pen Kit,PKCP7000BU,Bolt Action Pen Kits,10mm,Tube / Barrel 2-1/16”
PKCP7510,Magnum Bolt Action Chrome Pen Kit,PKCP7000BU,Bolt Action Pen Kits,10mm,Tube / Barrel 2-1/16”
PKCP8050,30 Caliber Bolt Action Antique Copper Bullet Cartridge Pen Kit,PKCP3000BU,Bolt Action Pen Kits,3/8in,Tube / Barrel 1-31/32”
PKCP7540,Magnum Bolt Action Antique Brass Pen Kit,PKCP7000BU,Bolt Action Pen Kits,10mm,Tube / Barrel 2-1/16”
PKCP7530,Magnum Bolt Action Black Enamel Pen Kit,PKCP7000BU,Bolt Action Pen Kits,10mm,Tube / Barrel 2-1/16”
PKCP8010,30 Caliber Bolt Action Chrome Bullet Cartridge Pen Kit,PKCP3000BU,Bolt Action Pen Kits,3/8in,Tube / Barrel 1-31/32”
PKCP8000,30 Caliber Bolt Action Gold Bullet Cartridge Pen Kit,PKCP3000BU,Bolt Action Pen Kits,3/8in,Tube / Barrel 1-31/32”
PKCP8040,30 Caliber Bolt Action Antique Brass Bullet Cartridge Pen Kit,PKCP3000BU,Bolt Action Pen Kits,3/8in,Tube / Barrel 1-31/32”
PKCP8020,30 Caliber Bolt Action Gun Metal Bullet Cartridge Pen Kit,PKCP3000BU,Bolt Action Pen Kits,3/8in,Tube / Barrel 1-31/32”
PKCP8060,30 Caliber Bolt Action Antique Pewter Pen Kit,PKCP3000BU,Bolt Action Pen Kits,3/8in,Tube / Barrel 1-31/32”
PKCP8030,30 Caliber Bolt Action Black Enamel Bullet Cartridge Pen Kit,PKCP3000BU,Bolt Action Pen Kits,3/8in,Tube / Barrel 1-31/32”
PKCP80CB24,Bolt Action Ceramic Black Flag and Golden Pen Kit,PKCP3000BU,Bolt Action Pen Kits,3/8in,Tube / Barrel 1-31/32”
PKCP80CBK,"Bolt Action Ceramic Red, White and Blue Flag and Matte Black Pen Kit",PKCP3000BU,Bolt Action Pen Kits,3/8in,Tube / Barrel 1-31/32”
PKCP80CCH,"Bolt Action Ceramic Red, White and Blue Flag and Chrome Pen Kit",PKCP3000BU,Bolt Action Pen Kits,3/8in,Tube / Barrel 1-31/32”
PKCP80CGM,"Bolt Action Ceramic Red, White and Blue Flag and Gun Metal Pen Kit",PKCP3000BU,Bolt Action Pen Kits,3/8in,Tube / Barrel 1-31/32”
PKCP80CWD,Bolt Action Ceramic Woodland Camouflage Pen Kit,PKCP3000BU,Bolt Action Pen Kits,3/8in,Tube / Barrel 1-31/32”
PKCP8110,30 Caliber Bolt Action Chrome Bullet Cartridge Pencil Kit,PKCP3000BU,Bolt Action Pen Kits,3/8in,"Tube / Barrel 1-31/32"""
PKCP8100,30 Caliber Bolt Action Gold Bullet Cartridge Pencil Kit,PKCP3000BU,Bolt Action Pen Kits,3/8in,"Tube / Barrel 1-31/32"""
PKCP8140,30 Caliber Bolt Action Antique Brass Bullet Cartridge Pencil Kit,PKCP3000BU,Bolt Action Pen Kits,3/8in,"Tube / Barrel 1-31/32"""
PKCP8120,30 Caliber Bolt Action Gun Metal Bullet Cartridge Pencil Kit,PKCP3000BU,Bolt Action Pen Kits,3/8in,"Tube / Barrel 1-31/32"""
PKCP8200,Mini 30 Caliber Bolt Action Gold Pen Kit,PKCP3000BU,Bolt Action Pen Kits,3/8in,Tube / Barrel 1-3/8”
PKCP8210,Mini 30 Caliber Bolt Action Chrome Pen Kit,PKCP3000BU,Bolt Action Pen Kits,3/8in,Tube / Barrel 1-3/8”
PKCP8220,Mini 30 Caliber Bolt Action Gun Metal Pen Kit,PKCP3000BU,Bolt Action Pen Kits,3/8in,Tube / Barrel 1-3/8”
PKCP8AEAB,Bald Eagle Insignia Flag Bolt Action Antique Brass Pen Kit,PKCP3000BU,Bolt Action Pen Kits,3/8in,Tube / Barrel 1-31/32”
PKCP8AEAC,Bald Eagle Insignia Flag Bolt Action Antique Copper Pen Kit,PKCP3000BU,Bolt Action Pen Kits,3/8in,Tube / Barrel 1-31/32”
PKCP8ARAC,Salute The Troops Bolt Action Antique Copper Pen Kit,PKCP3000BU,Bolt Action Pen Kits,3/8in,Tube / Barrel 1-31/32”
PKCP8AEAP,Bald Eagle Insignia Flag Bolt Action Antique Pewter Pen Kit,PKCP3000BU,Bolt Action Pen Kits,3/8in,Tube / Barrel 1-31/32”
PKCP8ARAP,Salute The Troops Bolt Action Antique Pewter Pen Kit,PKCP3000BU,Bolt Action Pen Kits,3/8in,Tube / Barrel 1-31/32”
PKCP8ARAB,Salute The Troops Bolt Action Antique Brass Pen Kit,PKCP3000BU,Bolt Action Pen Kits,3/8in,Tube / Barrel 1-31/32”
PKCP8DHAB,Deer Hunter Bolt Action Antique Brass Pen Kit,PKCP3000BU,Bolt Action Pen Kits,3/8in,Tube / Barrel 1-31/32”
PKCP8DHAP,Deer Hunter Bolt Action Antique Pewter Pen Kit,PKCP3000BU,Bolt Action Pen Kits,3/8in,Tube / Barrel 1-31/32”
PKCP8SLAB,Statue of Liberty Flag Bolt Action Antique Brass Pen Kit,PKCP3000BU,Bolt Action Pen Kits,3/8in,Tube / Barrel 1-31/32”
PKCP8SLAC,Statue of Liberty Flag Bolt Action Antique Copper Pen Kit,PKCP3000BU,Bolt Action Pen Kits,3/8in,Tube / Barrel 1-31/32”
PKCP8DHAC,Deer Hunter Bolt Action Antique Copper Pen Kit,PKCP3000BU,Bolt Action Pen Kits,3/8in,Tube / Barrel 1-31/32”
PKCP8SLAP,Statue of Liberty Flag Bolt Action Antique Pewter Pen Kit,PKCP3000BU,Bolt Action Pen Kits,3/8in,Tube / Barrel 1-31/32”
PKCP8WAB,We the People Bolt Action Antique Brass Pen Kit,PKCP3000BU,Bolt Action Pen Kits,3/8in,Tube / Barrel 1-31/32”
PKCP8WAC,We the People Bolt Action Antique Copper Pen Kit,PKCP3000BU,Bolt Action Pen Kits,3/8in,Tube / Barrel 1-31/32”
PKCP8WAP,We the People Bolt Action Antique Pewter Pen Kit,PKCP3000BU,Bolt Action Pen Kits,3/8in,Tube / Barrel 1-31/32”
PKCPENAB,Celtic Twist Pen in Antique Brass,PKGAFBU,Celtic Pen Kits,3/8in,Tube / Barrel 2.99”
PKCPEN24,Celtic Twist Pen in Gold,PKGAFBU,Celtic Pen Kits,3/8in,Tube / Barrel 2.99”
PKCPENAC,Celtic Twist Pen Kit in Antique Copper,PKGAFBU,Celtic Pen Kits,3/8in,Tube / Barrel 2.99”
PKCPENAP,Celtic Twist Pen in Antique Pewter,PKGAFBU,Celtic Pen Kits,3/8in,Tube / Barrel 2.99”
PKCPMINCH,Mini Bolt Action Chrome Keychain Kit,PKCPMINBU,Key Chain Pen Kits,7mm,Tube 1.638”
PKDBN5B,Nouveau Sceptre Gold and Chrome Ballpoint Twist Pen Kit,PKMAJSQBU,Broadwell Nouveau Sceptre Pen Kits,3/8in,Tube / Barrel 1-7/8”
PKCWPENC,Civil War Chrome Pen Kit,PKCWPENBU,Bullet Cartridge Pen Kits,3/8in,"Tube 2-7/8"""
PKDBN6B,Nouveau Sceptre Gold and Gun Metal Ballpoint Twist Pen Kit,PKMAJSQBU,Broadwell Nouveau Sceptre Pen Kits,3/8in,Tube / Barrel 1-7/8”
PKCPMINGM,Mini Bolt Action Gun Metal Keychain Kit,PKCPMINBU,Key Chain Pen Kits,7mm,Tube 1.638”
PKCWPENGM,Civil War Gun Metal Pen Kit,PKCWPENBU,Bullet Cartridge Pen Kits,3/8in,"Tube 2-7/8"""
PKDBFP,Broadwell Nouveau Sceptre Chrome and 22kt Gold Fountain Pen Kit,PKDBBUA,Broadwell Nouveau Sceptre Pen Kits,10.5mm;12.5mm,"Upper Tube 1-11/16"";Lower Tube 2-3/32"""
PKDBFBT,Broadwell Nouveau Sceptre Gun Metal and 22kt Gold Fountain Pen Kit,PKDBBUA,Broadwell Nouveau Sceptre Pen Kits,10.5mm;12.5mm,"Upper Tube 1-11/16"";Lower Tube 2-3/32"""
PKDBN7B,Nouveau Sceptre Gold TN and Chrome Ballpoint Twist Pen Kit,PKMAJSQBU,Broadwell Nouveau Sceptre Pen Kits,3/8in,Tube / Barrel 1-7/8”
PKDBRCH,Broadwell Nouveau Sceptre Chrome and Gold Rollerball Pen Kit,PKDBBUA,Broadwell Nouveau Sceptre Pen Kits,10.5mm;12.5mm,"Lower Tube 2-3/32"""
PKDBRGM,Broadwell Nouveau Sceptre Gun Metal and Gold Rollerball Pen Kit,PKDBBUA,Broadwell Nouveau Sceptre Pen Kits,10.5mm;12.5mm,"Lower Tube 2-3/32"""
PKDBRP,Broadwell Nouveau Sceptre Chrome and 22kt Gold Rollerball Pen Kit,PKDBBUA,Broadwell Nouveau Sceptre Pen Kits,10.5mm;12.5mm,"Lower Tube 2-3/32"""
PKDOGAP,Dog Antique Pewter Click Pen Kit,PKMAJSQBU,Dog Pen Kits,3/8in,Tube / Barrel 3.310”
PKDOG24,Dog Gold Click Pen Kit,PKMAJSQBU,Dog Pen Kits,3/8in,Tube / Barrel 3.310”
PKDOGAB,Dog Antique Brass Click Pen Kit,PKMAJSQBU,Dog Pen Kits,3/8in,Tube / Barrel 3.310”
PKDRAAB,Dragon Antique Brass Twist Pen Kit,PKDRABU,Dragon Pen Kits,3/8in,"Front Tube 1.45"";Upper Tube 1.65"""
PKDOGCH,Dog Chrome Click Pen Kit,PKMAJSQBU,Dog Pen Kits,3/8in,Tube / Barrel 3.310”
PKDU24,Duchess Gold Twist Pen Kit,PKCFBUSH,Duchess Pen Kits,7mm,Tube 2-7/16”
PKDRAAP,Dragon Antique Pewter Twist Pen Kit,PKDRABU,Dragon Pen Kits,3/8in,"Front Tube 1.45"";Upper Tube 1.65"""
PKDRAAC,Dragon Antique Copper Twist Pen Kit,PKDRABU,Dragon Pen Kits,3/8in,"Front Tube 1.45"";Upper Tube 1.65"""
PKDU24CH,Duchess 2-Tone Chrome and Gold Twist Pen Kit,PKCFBUSH,Duchess Pen Kits,7mm,Tube 2-7/16”
PKDUCH,Duchess Chrome Twist Pen Kit,PKCFBUSH,Duchess Pen Kits,7mm,Tube 2-7/16”
PKDUSLIM24,DuraClick Slim 24kt Gold EDC Pen Kit,PKDUSLIMBU,Duraclick EDC Pen Kits,7mm,"Upper Tube 1.654"";Lower Tube 2.036"""
PKDUSLIMCH,DuraClick Slim Chrome EDC Pen Kit,PKDUSLIMBU,Duraclick EDC Pen Kits,7mm,"Upper Tube 1.654"";Lower Tube 2.036"""
PKDUSLIMGM,DuraClick Slim Gun Metal EDC Pen Kit,PKDUSLIMBU,Duraclick EDC Pen Kits,7mm,"Upper Tube 1.654"";Lower Tube 2.036"""
PKDUSLIMBK,DuraClick Slim Black Anodized Aluminum 6061-T6 EDC Pen Kit,PKDUSLIMBU,Duraclick EDC Pen Kits,7mm,"Upper Tube 1.654"";Lower Tube 2.036"""
PKDUSMINCH,DuraClick Slim Mini EDC Chrome Pen Kit,PKDUSLIMBU,Duraclick EDC Pen Kits,7mm,Tube 1.969”
PKDUSMINGD,DuraClick Slim Mini EDC Golden Pen Kit,PKDUSLIMBU,Duraclick EDC Pen Kits,7mm,Tube 1.969”
PKDUSMINGM,DuraClick Slim Mini EDC Gun Metal Pen Kit,PKDUSLIMBU,Duraclick EDC Pen Kits,7mm,Tube 1.969”
PKDUSLIMST,DuraClick Slim Stainless Steel 303 EDC Pen Kit,PKDUSLIMBU,Duraclick EDC Pen Kits,7mm,"Upper Tube 1.654"";Lower Tube 2.036"""
PKDUSMINST,DuraClick Slim Mini EDC Stainless Steel Pen Kit,PKDUSLIMBU,Duraclick EDC Pen Kits,7mm,Tube 1.969”
PKDVN24,Devin Golden Click Pen Kit,PK10-BUSH3,Devin Pen Kits,10mm,Tube 5-1/2”
PKDVNCH,Devin Chrome Click Pen Kit,PK10-BUSH3,Devin Pen Kits,10mm,Tube 5-1/2”
PKEDCDAL,DuraClick EDC Pen Kit in 6061-T6 Aluminum,PKSPCL3BU,Duraclick EDC Pen Kits,8mm,Tube 2.769”
PKDVN24GM,Devin Golden and Gun Metal Click Pen Kit,PK10-BUSH3,Devin Pen Kits,10mm,Tube 5-1/2”
PKEDCDBAL,DuraClick EDC Pen Kit in  6061-T6 Black Anodized Aluminum,PKSPCL3BU,Duraclick EDC Pen Kits,8mm,Tube 2.769”
PKDVNGM,Devin Gun Metal Click Pen Kit,PK10-BUSH3,Devin Pen Kits,10mm,Tube 5-1/2”
PKEDCDBB,DuraClick EDC Pen Kit in  6061-T6 Burnt Bronze Aluminum,PKSPCL3BU,Duraclick EDC Pen Kits,8mm,Tube 2.769”
PKEDCDBR,DuraClick EDC Pen Kit in C3604 Brass,PKSPCL3BU,Duraclick EDC Pen Kits,8mm,Tube 2.769”
PKEDCDGM,DuraClick EDC Pen Kit in Gun Metal,PKSPCL3BU,Duraclick EDC Pen Kits,8mm,Tube 2.769”
PKEDCDPLBR,DuraClick Brass C3604 Pencil Kit,PKSPCL3BU,Duraclick EDC Pen Kits,8mm,"Tube 2-25/32"""
PKEDCDPLAL,DuraClick Aluminum 6061-T6 Pencil Kit,PKSPCL3BU,Duraclick EDC Pen Kits,8mm,"Tube 2-25/32"""
PKEDCDPLBB,DuraClick Burnt Bronze Anodized Aluminum 6061-T6 Pencil Kit,PKSPCL3BU,Duraclick EDC Pen Kits,8mm,"Tube 2-25/32"""
PKEDCDPLBA,DuraClick Black Anodized Aluminum 6061-T6 Pencil Kit,PKSPCL3BU,Duraclick EDC Pen Kits,8mm,"Tube 2-25/32"""
PKEDCDPLGM,DuraClick EDC Pencil Kit in Gun Metal,PKSPCL3BU,Duraclick EDC Pen Kits,8mm,"Tube 2-25/32"""
PKEDCDPLST,DuraClick Stainless Steel 303 Pencil Kit,PKSPCL3BU,Duraclick EDC Pen Kits,8mm,"Tube 2-25/32"""
PKEDCLCH,Everyday Classic Chrome Click Pen Kit,PKSPCL3BU,Everyday Classic Pen Kits,8mm,Tube 3.114”
PKEDCDST,DuraClick EDC Pen Kit in 303 Stainless Steel,PKSPCL3BU,Duraclick EDC Pen Kits,8mm,Tube 2.769”
PKEDCLST,Everyday Classic Stainless Steel Click Pen Kit,PKSPCL3BU,Everyday Classic Pen Kits,8mm,Tube 3.114”
PKEVERCH,Everlasting Pencil Kit in Chrome,PKM-BUSH3,Everlasting Pencil Kits,7mm;8mm,Lower Tube 2.035”;Upper Tube 2.035”
PKEXECF24,Executive Fountain Magnetic Pen Kit in Golden,PKEXECRBU,Executive Pen Kits,10.5mm;12.5mm,Lower Tube 2.520”;Upper Tube 1.6”
PKEXECFCH,Executive Fountain Magnetic Pen Kit in Chrome,PKEXECRBU,Executive Pen Kits,10.5mm;12.5mm,Lower Tube 2.520”;Upper Tube 1.6”
PKEXECPENC,Executive Chrome Twist Pen Kit,PKEXEC-BU,Executive Pen Kits,3/8in,"Tube 2-7/8"""
PKEXECPENS,Executive Brushed Satin Twist Pen Kit,PKEXEC-BU,Executive Pen Kits,3/8in,"Tube 2-7/8"""
PKEXECFGM,Executive Fountain Magnetic Pen Kit in Gun Metal,PKEXECRBU,Executive Pen Kits,10.5mm;12.5mm,Lower Tube 2.520”;Upper Tube 1.6”
PKEXEC-PEN,Executive Golden Twist Pen Kit,PKEXEC-BU,Executive Pen Kits,3/8in,"Tube 2-7/8"""
PKEXECPENE,Executive Black Enamel Twist Pen Kit,PKEXEC-BU,Executive Pen Kits,3/8in,"Tube 2-7/8"""
PKEXECPENG,Executive Gun Metal Twist Pen Kit,PKEXEC-BU,Executive Pen Kits,3/8in,"Tube 2-7/8"""
PKEXECR24,Executive Rollerball Magnetic Pen Kit in Golden,PKEXECRBU,Executive Pen Kits,10.5mm;12.5mm,Lower Tube 2.520”;Upper Tube 1.6”
PKEXECRCH,Executive Rollerball Magnetic Pen Kit in Chrome,PKEXECRBU,Executive Pen Kits,10.5mm;12.5mm,Lower Tube 2.520”;Upper Tube 1.6”
PKEXECRGM,Executive Rollerball Magnetic Pen Kit in Gun Metal,PKEXECRBU,Executive Pen Kits,10.5mm;12.5mm,Lower Tube 2.520”;Upper Tube 1.6”
PKFBALLAB,Football Antique Brass Twist Pen Kit,PKFBALLBU,Football Pen Kits,10mm,Lower Tube / Barrel 1.949”
PKFBALL24,Football Gold Twist Pen Kit,PKFBALLBU,Football Pen Kits,10mm,Lower Tube / Barrel 1.949”
PKFBALLAP,Football Antique Pewter Twist Pen Kit,PKFBALLBU,Football Pen Kits,10mm,Lower Tube / Barrel 1.949”
PKFBALLCH,Football Chrome Twist Pen Kit,PKFBALLBU,Football Pen Kits,10mm,Lower Tube / Barrel 1.949”
PKFIREAP,Firefighter Push and Lock Pen Kit in Antique Pewter,PKFIREBU,Firefighter Pen Kits,10mm,Tube / Barrel 2.445”
PKFIREAB,"Firefighter ""Push and Lock"" Pen Kit in Antique Brass",PKFIREBU,Firefighter Pen Kits,10mm,Tube / Barrel 2.445”
PKFIREBKY,"Firefighter ""Push and Lock"" Pen Kit in Matte Black and Yellow",PKFIREBU,Firefighter Pen Kits,10mm,Tube / Barrel 2.445”
PKFIREBKR,"Firefighter ""Push and Lock"" Pen Kit in Matte Black and Red",PKFIREBU,Firefighter Pen Kits,10mm,Tube / Barrel 2.445”
PKFIREBRR,"Firefighter ""Push and Lock"" Pen Kit in Polished Brass and Red",PKFIREBU,Firefighter Pen Kits,10mm,Tube / Barrel 2.445”
PKFIRECHR,"Firefighter ""Push and Lock"" Pen Kit in Chrome",PKFIREBU,Firefighter Pen Kits,10mm,Tube / Barrel 2.445”
PKFLYAB,Fly Fishing Antique Brass Twist Pen Kit,PKPPENBU,Fly Fishing Pen Kits,3/8in,Tube 2.918”
PKFLYAC,Fly Fishing Antique Copper Twist Pen Kit,PKPPENBU,Fly Fishing Pen Kits,3/8in,Tube 2.918”
PKFLYAP,Fly Fishing Antique Pewter Twist Pen Kit,PKPPENBU,Fly Fishing Pen Kits,3/8in,Tube 2.918”
PKFP4000,Vertex Chrome Click Pen Kit,PKFPBU,Vertex Pen Kits,3/8in,"Tube 2.91"""
PKFP4010,Vertex Gun Metal Click Pen Kit,PKFPBU,Vertex Pen Kits,3/8in,"Tube 2.91"""
PKFP4040,Vertex Black Enamel Click Pen Kit,PKFPBU,Vertex Pen Kits,3/8in,"Tube 2.91"""
PKFP4030,Vertex Gold Click Pen Kit,PKFPBU,Vertex Pen Kits,3/8in,"Tube 2.91"""
PKFP4020,Vertex Brushed Satin Click Pen Kit,PKFPBU,Vertex Pen Kits,3/8in,"Tube 2.91"""
PKFP4050,Vertex Antique Brass Click Pen Kit,PKFPBU,Vertex Pen Kits,3/8in,"Tube 2.91"""
PKFP4100,Vertex Chrome Pencil Kit,PKFPBU,Vertex Pen Kits,3/8in,"Tube 2.9"""
PKFP4110,Vertex Gun Metal Pencil Kit,PKFPBU,Vertex Pen Kits,3/8in,"Tube 2.9"""
PKFP4500,Vertex Bolt Action Chrome Pen Kit,PKFP4500BU,Vertex Pen Kits,10mm,Tube 2.087”
PKFP4510,Vertex Bolt Action Gun Metal Pen Kit,PKFP4500BU,Vertex Pen Kits,10mm,Tube 2.087”
PKFP4520,Vertex Bolt Action Gold Pen Kit,PKFP4500BU,Vertex Pen Kits,10mm,Tube 2.087”
PKFP5000,Magnetic Vertex Chrome Rollerball Pen Kit,PKFP5000BU,Vertex Pen Kits,10.5mm,"Tube 2 3/8"""
PKFP5010,Magnetic Vertex Gun Metal Rollerball Pen Kit,PKFP5000BU,Vertex Pen Kits,10.5mm,"Tube 2 3/8"""
PKFP5020,Magnetic Vertex Brushed Satin Rollerball Pen Kit,PKFP5000BU,Vertex Pen Kits,10.5mm,"Tube 2 3/8"""
PKFP5030,Magnetic Vertex Gold Rollerball Pen Kit,PKFP5000BU,Vertex Pen Kits,10.5mm,"Tube 2 3/8"""
PKFP5100,Magnetic Vertex Chrome Fountain Pen Kit,PKFP5000BU,Vertex Pen Kits,10.5mm,"Tube 2 3/8"""
PKFP5510,Vertex Supreme Gun Metal Rollerball Pen Kit,PKGRAD2BU,Vertex Pen Kits,10.5mm;12.5mm,Lower Tube 2-5/8”
PKFP5110,Magnetic Vertex Gun Metal Fountain Pen Kit,PKFP5000BU,Vertex Pen Kits,10.5mm,"Tube 2 3/8"""
PKFP5120,Magnetic Vertex Brushed Satin Fountain Pen Kit,PKFP5000BU,Vertex Pen Kits,10.5mm,"Tube 2 3/8"""
PKFP5500,Vertex Supreme Chrome with Gold Accents Rollerball Pen Kit,PKGRAD2BU,Vertex Pen Kits,10.5mm;12.5mm,Lower Tube 2-5/8”
PKFP5540,Vertex Supreme Gold Rollerball Pen Kit,PKGRAD2BU,Vertex Pen Kits,10.5mm;12.5mm,Lower Tube 2-5/8”
PKFP5610,Vertex Supreme Gun Metal Fountain Pen Kit,PKGRAD2BU,Vertex Pen Kits,10.5mm;12.5mm,Lower Tube 2-5/8”
PKFPENAB,Filibella Antique Brass Twist Pen Kit,PKFPENBU2,Filibella Pen Kits,7mm;8mm,"Upper Tube 0.984"";Lower Tube 2.250"""
PKFP5600,Vertex Supreme Chrome with Gold Accents Fountain Pen Kit,PKGRAD2BU,Vertex Pen Kits,10.5mm;12.5mm,Lower Tube 2-5/8”
PKFPENAC,Filibella Antique Copper Twist Pen Kit,PKFPENBU2,Filibella Pen Kits,7mm;8mm,"Upper Tube 0.984"";Lower Tube 2.250"""
PKFSANDAP,Footprints in the Sand Antique Pewter Pen Kit,PKFSANDBU,Footprints in Sand Pen Kits,NOT LISTED,Tube 2.226”
PKFSANDCH,Footprints in the Sand Chrome Pen Kit,PKFSANDBU,Footprints in Sand Pen Kits,NOT LISTED,Tube 2.226”
PKFSANDGD,Footprints in the Sand Golden Pen Kit,PKFSANDBU,Footprints in Sand Pen Kits,3/8in,Tube 2.226”
PKFSANDGM,Footprints in the Sand Gun Metal Pen Kit,PKFSANDBU,Footprints in Sand Pen Kits,NOT LISTED,Tube 2.226”
PKFPENAP,Filibella Antique Pewter Twist Pen Kit,PKFPENBU2,Filibella Pen Kits,7mm;8mm,"Upper Tube 0.984"";Lower Tube 2.250"""
PKGA24GM,Gatsby 24kt Gold and Gun Metal Twist Pen Kit,PKGABU,Gatsby Pen Kits,27/64in,"Tube 2-7/32"""
PKGAFCH,Gatsby Grande Chrome Twist Pen Kit,PKGAFBU,Gatsby Pen Kits,3/8in,Tube 2-3/16”
PKGAF24GM,Gatsby Grande Gold and Gun Metal Twist Pen Kit,PKGAFBU,Gatsby Pen Kits,3/8in,Tube 2-3/16”
PKGAF24,Gatsby Grande Gold Twist Pen Kit,PKGAFBU,Gatsby Pen Kits,3/8in,Tube 2-3/16”
PKGAFCHGM,Gatsby Grande Chrome and Gun Metal Twist Pen Kit,PKGAFBU,Gatsby Pen Kits,3/8in,Tube 2-3/16”
PKGACHGM,Gatsby Chrome and Gun Metal Twist Pen Kit,PKGABU,Gatsby Pen Kits,27/64in,"Tube 2-7/32"""
PKGAFGM,Gatsby Grande Gun Metal Twist Pen Kit,PKGAFBU,Gatsby Pen Kits,3/8in,Tube 2-3/16”
PKGAPEN24,Gatsby Gold Twist Pen Kit,PKGABU,Gatsby Pen Kits,27/64in,"Tube 2-7/32"""
PKGAPENC24,Gatsby Gold Click Pen Kit,PKGABU,Gatsby Pen Kits,27/64in,"Tube 2-1/4"""
PKGAPENCP,Gatsby Chrome Click Pen Kit,PKGABU,Gatsby Pen Kits,27/64in,"Tube 2-1/4"""
PKGAPENAB,Gatsby Antique Brass Twist Pen Kit,PKGABU,Gatsby Pen Kits,27/64in,"Tube 2-7/32"""
PKGAPENAC,Gatsby Antique Copper Twist Pen Kit,PKGABU,Gatsby Pen Kits,27/64in,"Tube 2-7/32"""
PKGAPENCTN,Gatsby Gold Titanium Click Pen Kit,PKGABU,Gatsby Pen Kits,27/64in,"Tube 2-1/4"""
PKGAPENGM,Gatsby Gun Metal Twist Pen Kit,PKGABU,Gatsby Pen Kits,27/64in,"Tube 2-7/32"""
PKGAPENCH,Gatsby Chrome Twist Pen Kit,PKGABU,Gatsby Pen Kits,27/64in,"Tube 2-7/32"""
PKGAPENS,Gatsby Brushed Satin Twist Pen Kit,PKGABU,Gatsby Pen Kits,27/64in,"Tube 2-7/32"""
PKGAPENTN,Gatsby Gold Titanium Twist Pen Kit,PKGABU,Gatsby Pen Kits,27/64in,"Tube 2-7/32"""
PKGEARFAB,Titan Gearshift Tire Spinner Pen Kit in Antique Brass,PKGEARFBU,Gearshift Pen Kits,3/8in,Tube 2-7/32”
PKGEARAP,Gearshift Antique Pewter Pen Kit,PKMAJSQBU,Gearshift Pen Kits,3/8in,Tube / Barrel 2-7/32”
PKGEARAB,Gearshift Antique Brass Pen Kit,PKMAJSQBU,Gearshift Pen Kits,3/8in,Tube / Barrel 2-7/32”
PKGEARCH,Gearshift Chrome Pen Kit,PKMAJSQBU,Gearshift Pen Kits,3/8in,Tube / Barrel 2-7/32”
PKGEARFCH,Titan Gearshift Tire Spinner Pen Kit in Chrome,PKGEARFBU,Gearshift Pen Kits,3/8in,NOT FOUND
PKGEARFAP,Titan Gearshift Tire Spinner Pen Kit in Antique Pewter,PKGEARFBU,Gearshift Pen Kits,3/8in,Tube 2-7/32”
PKGEARFGM,Titan Gearshift Tire Spinner Pen Kit in Gun Metal,PKGEARFBU,Gearshift Pen Kits,3/8in,Tube 2-7/32”
PKGEARGM,Gearshift Gun Metal Pen Kit,PKMAJSQBU,Gearshift Pen Kits,3/8in,Tube / Barrel 2-7/32”
PKGOLFCH,Fore Real Chrome Golf Pencil Kit,PKGOLFBU,Fore Real Golf Pencil Kits,8mm,Tube 2.96”
PKGOLF24,Fore Real Gold Golf Pencil Kit,PKGOLFBU,Fore Real Golf Pencil Kits,8mm,Tube 2.96”
PKGOLFSC,Fore Real Satin Chrome Golf Pencil Kit,PKGOLFBU,Fore Real Golf Pencil Kits,8mm,Tube 2.96”
PKGRAD24,Graduate Gold Twist Pen Kit,PKGRADBU,Graduate Pen Kits,7mm,Lower Tube / Barrel 2-7/16”
PKGOLFGM,Fore Real Gun Metal Golf Pencil Kit,PKGOLFBU,Fore Real Golf Pencil Kits,8mm,Tube 2.96”
PKGRAF24,Magnetic Graduate Gold Fountain Pen Kit,PKGRAD2BU,Graduate Pen Kits,10.5mm;12.5mm,Upper Tube 1-11/16”;Lower Tube 3”
PKGRADCH,Graduate Chrome Twist Pen Kit,PKGRADBU,Graduate Pen Kits,7mm,Lower Tube / Barrel 2-7/16”
PKGRARCH,Magnetic Graduate Chrome Rollerball Pen Kit,PKGRAD2BU,Graduate Pen Kits,10.5mm;12.5mm,Upper Tube 1-11/16”;Lower Tube 3”
PKGRADGM,Graduate Gun Metal Twist Pen Kit,PKGRADBU,Graduate Pen Kits,7mm,Lower Tube / Barrel 2-7/16”
PKGRAFGM,Magnetic Graduate Gun Metal Fountain Pen Kit,PKGRAD2BU,Graduate Pen Kits,10.5mm;12.5mm,Upper Tube 1-11/16”;Lower Tube 3”
PKGRAR24,Magnetic Graduate Gold Rollerball Pen Kit,PKGRAD2BU,Graduate Pen Kits,10.5mm;12.5mm,Upper Tube 1-11/16”;Lower Tube 3”
PKGRAFCH,Magnetic Graduate Chrome Fountain Pen Kit,PKGRAD2BU,Graduate Pen Kits,10.5mm;12.5mm,Upper Tube 1-11/16”;Lower Tube 3”
PKGRARGM,Magnetic Graduate Gun Metal Rollerball Pen Kit,PKGRAD2BU,Graduate Pen Kits,10.5mm;12.5mm,Upper Tube 1-11/16”;Lower Tube 3”
PKGREN24,Grenade 24kt Gold Click Pen Kit,PKGRENBU,Grenade Pen Kits,10mm,Tube / Barrel 2.640”
PKGT2STGM,GT2 Gun Metal with Stylus Twist Pen Kit,NOT LISTED,GT2 Pen Kits,NOT LISTED,NOT FOUND
PKGVCL24,Groove 24kt Gold Click Pen Kit,PKM-BUSH3,Groove Pen Kits,7mm,"Upper Tube 2-1/16"";Lower Tube 2-1/16"""
PKGVCLCH,Groove Chrome Click Pen Kit,PKM-BUSH3,Groove Pen Kits,7mm,"Upper Tube 2-1/16"";Lower Tube 2-1/16"""
PKGVCLGM,Groove Gun Metal Click Pen Kit,PKM-BUSH3,Groove Pen Kits,7mm,"Upper Tube 2-1/16"";Lower Tube 2-1/16"""
PKGVCLSC,Groove Satin Chrome Click Pen Kit,PKM-BUSH3,Groove Pen Kits,7mm,"Upper Tube 2-1/16"";Lower Tube 2-1/16"""
PKGVTW24,Groove 24kt Gold Twist Pen Kit,PKM-BUSH3,Groove Pen Kits,7mm,Tube 2-1/32”
PKHEAVCH,Heavenly Messenger Cardinal Ballpoint Twist Pen Kit In Chrome,PKFSANDBU,Heavenly Messenger Cardinal Pen Kits,3/8in,Tube 2.226”
PKGVTWCH,Groove Chrome Twist Pen Kit,PKM-BUSH3,Groove Pen Kits,7mm,Tube 2-1/32”
PKGVTWGM,Groove Gun Metal Twist Pen Kit,PKM-BUSH3,Groove Pen Kits,7mm,Tube 2-1/32”
PKGVTWSC,Groove Satin Chrome Twist Pen Kit,PKM-BUSH3,Groove Pen Kits,7mm,Tube 2-1/32”
PKHCABAP,Honeycomb Antique Brass and Pewter Twist Pen Kit,PKHCBU,Honeycomb Pen Kits,3/8in,"Upper Tube 1-7/8"";Lower Tube 1-29/32"""
PKHEAVAP,Heavenly Messenger Cardinal Ballpoint Twist Pen Kit In Antique Pewter,PKFSANDBU,Heavenly Messenger Cardinal Pen Kits,3/8in,Tube 2.226”
PKHEAVGD,Heavenly Messenger Cardinal Ballpoint Twist Pen Kit In Golden,PKFSANDBU,Heavenly Messenger Cardinal Pen Kits,3/8in,Tube 2.226”
PKHEAVGM,Heavenly Messenger Cardinal Ballpoint Twist Pen Kit In Gun Metal,PKFSANDBU,Heavenly Messenger Cardinal Pen Kits,3/8in,Tube 2.226”
PKHGUNAB,Handgun Antique Brass Click Pen Kit,PKABBU,Handgun Pen Kits,3/8in,Tube 2.225”
PKHGUNFBK,Handgun Matte Black Click Pen Kit,PKABBU,Handgun Pen Kits,3/8in,Tube 2.225”
PKHGUNGM,Handgun Gun Metal Click Pen Kit,PKABBU,Handgun Pen Kits,3/8in,Tube 2.225”
PKHGUNAP,Handgun Antique Pewter Click Pen Kit,PKABBU,Handgun Pen Kits,3/8in,Tube 2.225”
PKHOCKCH,Hockey Chrome Twist Pen Kit,PKHOCKBU,Hockey Pen Kits,3/8in,Lower Tube 1.795”;Upper Tube 1-3/4”
PKHOCKGD,Hockey Golden Twist Pen Kit,PKHOCKBU,Hockey Pen Kits,3/8in,Lower Tube 1.795”;Upper Tube 1-3/4”
PKHORSEAB,Horse Antique Brass Twist Pen Kit,PK50RBU,Horse Pen Kits,3/8in,Tube 2.995”
PKHOCKGM,Hockey Gun Metal Twist Pen Kit,PKHOCKBU,Hockey Pen Kits,3/8in,Lower Tube 1.795”;Upper Tube 1-3/4”
PKHORSEAP,Horse Antique Pewter Twist Pen Kit,PK50RBU,Horse Pen Kits,3/8in,Tube 2.995”
PKHORSECH,Horse Chrome Twist Pen Kit,PK50RBU,Horse Pen Kits,3/8in,Tube 2.995”
PKHORSEGD,Horse Golden Twist Pen Kit,PK50RBU,Horse Pen Kits,3/8in,Tube 2.995”
PKHPEN24,Faith Hope Love Gold Twist Pen Kit,PKHPENBU,Faith Hope Love Pen Kits,8mm,Tube / Barrel 2.156”;Tube / Barrel 1-3/4”
PKHPENAC,Faith Hope Love Antique CopperTwist Pen Kit,PKHPENBU,Faith Hope Love Pen Kits,8mm,Tube / Barrel 2.156”;Tube / Barrel 1-3/4”
PKHPENAB,Faith Hope Love Antique Brass Twist Pen Kit,PKHPENBU,Faith Hope Love Pen Kits,8mm,Tube / Barrel 2.156”;Tube / Barrel 1-3/4”
PKHPENAP,Faith Hope Love Antique Pewter Twist Pen Kit,PKHPENBU,Faith Hope Love Pen Kits,8mm,Tube / Barrel 2.156”;Tube / Barrel 1-3/4”
PKICONAL,Icon Pen Kit in Aluminum 6061-T6,PKM-BUSH3,Icon Pen Kits,7mm,Tube 3-1/8”
PKICONCH,Icon Pen Kit in Chrome,PKM-BUSH3,Icon Pen Kits,7mm,Tube 3-1/8”
PKICONGM,Icon Pen Kit in Gun Metal,PKM-BUSH3,Icon Pen Kits,7mm,Tube 3-1/8”
PKJ316AP,John 3:16 Twist Pen Kit in Antique Pewter,PKFSANDBU,Christian Pen Kits,3/8in,Tube 2.226”
PKJ316CH,John 3:16 Twist Pen Kit in Chrome,PKFSANDBU,Christian Pen Kits,3/8in,Tube 2.226”
PKJPENBT,Compson Gun Metal Click Pen Kit,PKJPENBU,Compson Pen Kits,3/8in,"Tube 2.915"""
PKJ316GD,John 3:16 Twist Pen Kit in Golden,PKFSANDBU,Christian Pen Kits,3/8in,Tube 2.226”
PKJ316GM,John 3:16 Twist Pen Kit in Gun Metal,PKFSANDBU,Christian Pen Kits,3/8in,Tube 2.226”
PKKOLEBK,Kole EDC Click Pen Kit in Black Anodized Aliuminum,PKSRBU,Kole EDC Pen Kits,8mm,Upper Tube 2.512”
PKKOLEBR,Kole EDC Click Pen Kit in Brass,PKSRBU,Kole EDC Pen Kits,8mm,Upper Tube 2.512”
PKJPENCH,Compson Chrome Click Pen Kit,PKJPENBU,Compson Pen Kits,3/8in,"Tube 2.915"""
PKKOLECH,Kole EDC Click Pen Kit in Chrome,PKSRBU,Kole EDC Pen Kits,8mm,Upper Tube 2.512”
PKJPENGT,Compson Gold T/N Click Pen Kit,PKJPENBU,Compson Pen Kits,3/8in,"Tube 2.915"""
PKKOLEGM,Kole EDC Click Pen Kit in Gun Metal,PKSRBU,Kole EDC Pen Kits,8mm,Upper Tube 2.512”
PKKOLEGD,Kole EDC Click Pen Kit in Golden,PKSRBU,Kole EDC Pen Kits,8mm,Upper Tube 2.512”
PKKPCLCH,Stratus Chrome Pencil Kit,PKCHPENBU,Stratus Pen Kits,3/8in,Tube / Barrel 2.715”
PKKPEN24,Stratus Gold Click Pen Kit,PKCHPENBU,Stratus Pen Kits,3/8in,Tube / Barrel 2-11/16”
PKKPCLGM,Stratus Gun Metal Pencil Kit,PKCHPENBU,Stratus Pen Kits,3/8in,Tube / Barrel 2.715”
PKKPENGM,Stratus Gun Metal Click Pen Kit,PKCHPENBU,Stratus Pen Kits,3/8in,Tube / Barrel 2-11/16”
PKKPENCH,Stratus Chrome Pen Click Kit,PKCHPENBU,Stratus Pen Kits,3/8in,Tube / Barrel 2-11/16”
PKL760,Oxford V2 Rollerball Chrome Pen Kit,PKL760BU,Oxford Pen Kits,10mm,NOT FOUND
PKLEV24X,Lever Action Gold Click Pen Kit with Metal Gunstock,PKLEVBU,Lever Action Pen Kits,10mm,Tube 2.439”
PKLEVABX,Lever Action Antique Brass Click Pen Kit with Metal Gunstock,PKLEVBU,Lever Action Pen Kits,10mm,Tube 2.439”
PKLEVBKX,Lever Action Matte Black Click Pen Kit with Metal Gunstock,PKLEVBU,Lever Action Pen Kits,10mm,Tube 2.439”
PKLEVAPX,Lever Action Antique Pewter Click Pen Kit with Metal Gunstock,PKLEVBU,Lever Action Pen Kits,10mm,Tube 2.439”
PKL765,Oxford V2 Rollerball Gold Pen Kit,PKL760BU,Oxford Pen Kits,10mm,NOT FOUND
PKLEVGMX,Lever Action Gun Metal Click Pen Kit with Metal Gunstock,PKLEVBU,Lever Action Pen Kits,10.5mm;10mm,Tube 2.439”
PKLHPENAP,Lighthouse Antique Pewter Pen Kit,PKSCERBU,Lighthouse Pen Kits,3/8in,Tube 2-27/32”
PKLHPENAB,Lighthouse Antique Bronze Pen Kit,PKSCERBU,Lighthouse Pen Kits,3/8in,Tube 2-27/32”
PKLINERAP,Jet Airliner Antique Pewter Twist Pen Kit,PKLINERBU,Airplane Pen Kits,3/8in,Tube 3.545”
PKLHPENAC,Lighthouse Antique Copper Pen Kit,PKSCERBU,Lighthouse Pen Kits,3/8in,Tube 2-27/32”
PKLINERGD,Jet Airliner Golden Twist Pen Kit,PKLINERBU,Airplane Pen Kits,3/8in,Tube 3.545”
PKLOVEGD,Love Twist Pen Kit in Golden,PKLOVEBU,Love Pen Kits,8mm,Tube 2.047”
PKLINERCH,Jet Airliner Chrome Twist Pen Kit,PKLINERBU,Airplane Pen Kits,3/8in,Tube 3.545”
PKM1720GD,Matthew 17:20 Mustard Seed Twist Pen Kit in Golden,PKFSANDBU,Christian Pen Kits,3/8in,Tube 2.226”
PKM1720AP,Matthew 17:20 Mustard Seed Twist Pen Kit in Antique Pewter,PKFSANDBU,Christian Pen Kits,3/8in,Tube 2.226”
PKM1720CH,Matthew 17:20 Mustard Seed Twist Pen Kit in Chrome,PKFSANDBU,Christian Pen Kits,3/8in,Tube 2.226”
PKM1720GM,Matthew 17:20 Mustard Seed Twist Pen Kit in Gun Metal,PKFSANDBU,Christian Pen Kits,3/8in,Tube 2.226”
PKMAFGPJR,Majestic Jr. 22kt Gold/Chrome Fountain Pen Kit,PKMAJJRBU,Majestic Pen Kits,10.5mm;12.5mm,"Upper Tube 1-7/8"";Lower Tube 2-1/32"""
PKMAFGP,Majestic 22kt Gold/Chrome Fountain Pen Kit,PKMAJBU,Majestic Pen Kits,15/32in;37/64in,"Upper Tube 1-31/32"";Lower Tube 2-5/32"""
PKMAFTP,Majestic Gun Metal/Chrome Fountain Pen Kit,PKMAJBU,Majestic Pen Kits,15/32in;37/64in,"Upper Tube 1-31/32"";Lower Tube 2-5/32"""
PKMAJAXJR,Majestic Jr. Antique Brass and Antique Pewter Rollerball Pen Kit,PKMAJJRBU,Majestic Pen Kits,10.5mm;12.5mm,"Upper Tube 1-7/8"";Lower Tube 2-1/32"""
PKMAFTPJR,Majestic Jr. Gun Metal/Chrome Fountain Pen Kit,PKMAJJRBU,Majestic Pen Kits,10.5mm;12.5mm,"Upper Tube 1-7/8"";Lower Tube 2-1/32"""
PKMAJGP,Majestic 22kt Gold/Chrome Rollerball Pen Kit,PKMAJBU,Majestic Pen Kits,15/32in;37/64in,"Upper Tube 1-31/32"";Lower Tube 2-5/32"""
PKMAJSQ1,Majestic Squire Gold TN and Chrome Ballpoint Twist Pen Kit,PKMAJSQBU,Majestic Pen Kits,3/8in,Tube 2”
PKMAJGPJR,Majestic Jr. 22kt Gold/Chrome Rollerball Pen Kit,PKMAJJRBU,Majestic Pen Kits,10.5mm;12.5mm,"Upper Tube 1-7/8"";Lower Tube 2-1/32"""
PKMAJSQ2P,Majestic Squire 22kt 2-micron Gold and Chrome Ballpoint Twist Pen Kit,PKMAJSQBU,Majestic Pen Kits,3/8in,Tube 2”
PKMAJSQ1CL,Majestic Squire EDC Gold TN and Chrome Ballpoint Click Pen Kit,PKMAJSQBU,Majestic Pen Kits,3/8in,Tube 5-3/32”
PKMAJSQ3,Majestic Squire Gold TN and Gun Metal Ballpoint Twist Pen Kit,PKMAJSQBU,Majestic Pen Kits,3/8in,Tube 2”
PKMAJSQ4P,Majestic Squire 22kt 2-micron Gold and Gun Metal Ballpoint Twist Pen Kit,PKMAJSQBU,Majestic Pen Kits,3/8in,Tube 2”
PKMAJSQ5P,Majestic Squire Antique Brass and Pewter Twist Pen Kit,PKMAJSQBU,Majestic Pen Kits,3/8in,Tube 2”
PKMAJSQ6CL,Majestic Squire EDC Gun Metal and Chrome Ballpoint Click Pen Kit,PKMAJSQBU,Majestic Pen Kits,3/8in,Tube 5-3/32”
PKMEDAP,Medical Twist Pen Kit in Antique Pewter,PKMEDBU,Medical Pen Kits,3/8in,Tube 2-29/32”
PKMEDAB,Medical Twist Pen Kit in Antique Brass,PKMEDBU,Medical Pen Kits,NOT LISTED,Tube 2-29/32”
PKMAJTP,Majestic Gun Metal/Chrome Rollerball Pen Kit,PKMAJBU,Majestic Pen Kits,15/32in;37/64in,"Upper Tube 1-31/32"";Lower Tube 2-5/32"""
PKMEDGD,Medical Twist Pen Kit in Golden,PKMEDBU,Medical Pen Kits,3/8in,Tube 2-29/32”
PKMAJTPJR,Majestic Jr. Chrome/Gun Metal Rollerball Pen Kit,PKMAJJRBU,Majestic Pen Kits,10.5mm;12.5mm,"Upper Tube 1-7/8"";Lower Tube 2-1/32"""
PKMEDGM,Medical Twist Pen Kit in Gun Metal,PKMEDBU,Medical Pen Kits,3/8in,Tube 2-29/32”
PKMONT2C,Designer Chrome NT Twist Pen Kit,PKMONT2-BU,Designer Pen Kits,7mm,"Upper Tube 2 1/32"";Lower Tube 2 3/8"""
PKMINI,Mini Gold Keychain Pen Kit,PKM-BUSH3,Key Chain Pen Kits,7mm,Lower Tube 11/4”;Upper Tube 11/4”
PKMINICH,Mini Chrome Keychain Pen Kit,PKM-BUSH3,Key Chain Pen Kits,7mm,Lower Tube 11/4”;Upper Tube 11/4”
PKMINCLKC,Mini Chrome Click Pen Kit,PKMINCLKBU,Specialty Pen Kits,10mm,"Tube 2-3/4"""
PKMONT,Designer Gold Twist Pen Kit,PKMONTBUY,Designer Pen Kits,7mm,"Upper Tube 2-1/8"";Lower Tube 2-3/8"""
PKMONT2GM,Designer Gun Metal NT Twist Pen Kit,PKMONT2-BU,Designer Pen Kits,7mm,"Upper Tube 2 1/32"";Lower Tube 2 3/8"""
PKMONT2S,Designer Brushed Satin NT Twist Pen Kit,PKMONT2-BU,Designer Pen Kits,7mm,"Upper Tube 2 1/32"";Lower Tube 2 3/8"""
PKMOTAP,Motorcycle Antique Pewter Kickstart Action Pen Kit,PKPT100BU,Motorcycle Pen Kits,10mm,Tube / Barrel 2.281”
PKMONT224,Designer 24kt Gold NT Twist Pen Kit,PKMONT2-BU,Designer Pen Kits,7mm,"Upper Tube 2 1/32"";Lower Tube 2 3/8"""
PKMOTCH,Motorcycle Chrome Kickstart Action Pen Kit,PKPT100BU,Motorcycle Pen Kits,10mm,Tube / Barrel 2.281”
PKMOTMBCH,Motorcycle Matte Black and Chrome Kickstart Action Pen Kit,PKPT100BU,Motorcycle Pen Kits,10mm,Tube / Barrel 2.281”
PKMOTMB,Motorcycle Matte Black Kickstart Action Pen Kit,PKPT100BU,Motorcycle Pen Kits,10mm,Tube / Barrel 2.281”
PKMPL24,Mechanical Pencil Kit in Gold,PKFPBU,Mechanical Pencil Kits,3/8in,Tube 3.12”
PKMPLAB,Mechanical Pencil Kit in Antique Brass,PKFPBU,Mechanical Pencil Kits,3/8in,Tube 3.12”
PKMPLAP,Mechanical Pencil Kit in Antique Pewter,PKFPBU,Mechanical Pencil Kits,3/8in,Tube 3.12”
PKMTFUN24,Funline Designer Economy Gold Twist Pen Kit,PKMONTBUY,Funline Pen Kits,7mm,"Upper Tube 2-1/8"";Lower Tube 2-3/8"""
PKMPLCH,Mechanical Pencil Kit in Chrome,PKFPBU,Mechanical Pencil Kits,3/8in,Tube 3.12”
PKMTFUNCO,Funline Designer Copper Twist Pen Kits,PKMONTBUY,Funline Pen Kits,7mm,"Upper Tube 2-1/8"";Lower Tube 2-3/8"""
PKMTFUNCH,Funline Designer Chrome Twist Pen Kit,PKMONTBUY,Funline Pen Kits,7mm,"Upper Tube 2-1/8"";Lower Tube 2-3/8"""
PKMTFUNGM,Funline Designer Gun Metal Twist Pen Kit,PKMONTBUY,Funline Pen Kits,7mm,"Upper Tube 2-1/8"";Lower Tube 2-3/8"""
PKMTFUNSG,Funline Designer Satin Gold Twist Pen Kit,PKMONTBUY,Funline Pen Kits,7mm,"Upper Tube 2-1/8"";Lower Tube 2-3/8"""
PKMTFUNSP,Funline Designer Satin Pearl Twist Pen Kit,PKMONTBUY,Funline Pen Kits,7mm,"Upper Tube 2-1/8"";Lower Tube 2-3/8"""
PKMTMIN24,Mini Designer 24kt Gold Pen Kit,PKMONT2-BU,Designer Pen Kits,7mm,"Upper Tube 1-1/2"";Lower Tube 1-11/16"""
PKMUS24,Music Gold Twist Pen Kit,PKMUSBU,Music Pen Kits,8mm,Lower Tube 1.435”
PKMUSAB,Music Antique Brass Twist Pen Kit,PKMUSBU,Music Pen Kits,3/8in;8mm,Lower Tube 1.435”
PKNAUTAB,Nautical Antique Brass Twist Pen Kit,PKMAJSQBU,Nautical Pen Kits,3/8in,Tube / Barrel 2.62”
PKMUSCH,Music Chrome Twist Pen Kit,PKMUSBU,Music Pen Kits,8mm,Lower Tube 1.435”
PKMUSAP,Music Antique Pewter Twist Pen Kit,PKMUSBU,Music Pen Kits,8mm,Lower Tube 1.435”
PKNAUTAC,Nautical Antique Copper Twist Pen Kit,PKMAJSQBU,Nautical Pen Kits,3/8in,Tube / Barrel 2.62”
PKNAUTAP,Nautical Antique Pewter Twist Pen Kit,PKMAJSQBU,Nautical Pen Kits,3/8in,Tube / Barrel 2.62”
PKOLIVEAB,Olive Branch Antique Brass Twist Pen Kit,PKOLIVEBU,Olive Branch Pen Kits,3/8in,Upper Tube 2.032”;Lower Tube 2.032”
PKOLIVEAP,Olive Branch Antique Pewter Twist Pen Kit,PKOLIVEBU,Olive Branch Pen Kits,3/8in,Upper Tube 2.032”;Lower Tube 2.032”
PKOLIVECH,Olive Branch Chrome Twist Pen Kit,PKOLIVEBU,Olive Branch Pen Kits,3/8in,Upper Tube 2.032”;Lower Tube 2.032”
PKPARK-C,Classic Chrome Twist Pen Kit,PKPARK-BU,Classic Pen Kits,8mm,Tube 2”
PKPATPEN24,Patrizio Gold Twist Pen Kit,PKPATPENBU,Patrizio Pen Kits,7mm,"Tube 1 15/32"""
PKPARK-G,Classic 24kt Gold Twist Pen Kit,PKPARK-BU,Classic Pen Kits,8mm,Tube 2”
PKOLIVEGD,Olive Branch Golden Twist Pen Kit,PKOLIVEBU,Olive Branch Pen Kits,3/8in,Upper Tube 2.032”;Lower Tube 2.032”
PKPATPENGM,Patrizio Gun Metal Twist Pen Kit,PKPATPENBU,Patrizio Pen Kits,7mm,"Tube 1 15/32"""
PKPCLA2BT,Slimline Gun Metal Pencil Kit,PKM-BUSH3,Slimline Pen Kits,7mm,Tube 2-1/32”
PKPCLXXCH,Slimline Pro Chrome Pencil Kit,PK-PENXXBU,Slimline Pro Pen Kits,8mm,"Upper Tube 1-1/32"";Lower Tube 2-1/32"""
PK-PCL,Slimline Gold Pencil Kit,PKM-BUSH3,Slimline Pen Kits,7mm,Tube 2-1/32”
PK-PCLA2B,Slimline Black Enamel Pencil Kit,PKM-BUSH3,Slimline Pen Kits,7mm,Tube 2-1/32”
PK-PCLA2P,Slimline Chrome Pencil Kit,PKM-BUSH3,Slimline Pen Kits,7mm,Tube 2-1/32”
PKPCUCHBK,Pool Cue Chrome Band Rollerball Pen Kit,PKPCUBU,Pool Cue Pen Kits,10mm;8mm,"Lower Tube 3"";Upper Tube 3-1/2"""
PKPCUBKSC,Pool Cue Black Band Rollerball Pen Kit,PKPCUBU,Pool Cue Pen Kits,10mm;8mm,"Lower Tube 3"";Upper Tube 3-1/2"""
PK-PCLSAT,Slimline Brushed Satin Pencil Kit,PKM-BUSH3,Slimline Pen Kits,7mm,Tube 2-1/32”
PK-PCLXX,Slimline Pro Gold Pencil Kit,PK-PENXXBU,Slimline Pro Pen Kits,8mm,"Upper Tube 1-1/32"";Lower Tube 2-1/32"""
PKPENA2BT,Slimline Gun Metal Pen Kit,PKM-BUSH3,Slimline Pen Kits,7mm,Tube 2-1/32”
PK-PEN,Slimline Golden Pen Kit,PKM-BUSH3,Slimline Pen Kits,7mm,Tube 2-1/32”
PK-PENA2B,Slimline Black Enamel Pen Kit,PKM-BUSH3,Slimline Pen Kits,7mm,Tube 2-1/32”
PK-PENA2P,Slimline Chrome Pen Kit,PKM-BUSH3,Slimline Pen Kits,7mm,Tube 2-1/32”
PK-PENAC,Slimline Antique Copper Pen Kit,PKM-BUSH3,Slimline Pen Kits,7mm,Tube 2-1/32”
PK-PENA2TN,Slimline Gold Titanium Nitride Twist Pen Kit,PKM-BUSH3,Slimline Pen Kits,7mm,Tube 2-1/32”
PK-PENAB,Slimline Antique Brass Twist Pen Kit,PKM-BUSH3,Slimline Pen Kits,7mm,Tube 2-1/32”
PK-PENSAT,Slimline Brushed Satin Pen Kit,PKM-BUSH3,Slimline Pen Kits,7mm,Tube 2-1/32”
PK-PENRG,Slimline Copper Pen Kit,PKM-BUSH3,Slimline Pen Kits,7mm,Tube 2-1/32”
PKPENXEDCH,Slimline Pro EDC Chrome Click Pen Kit,PK-PENXXBU,Slimline Pro Pen Kits,8mm,"Upper Tube 1-7/8"";Lower Tube 1-7/8"""
PKPENXEDGD,Slimline Pro EDC Gold Click Pen Kit,PK-PENXXBU,Slimline Pro Pen Kits,8mm,"Upper Tube 1-7/8"";Lower Tube 1-7/8"""
PKPENXXAB,Slimline Pro Antique Brass Click Pen Kit,PK-PENXXBU,Slimline Pro Pen Kits,8mm,"Upper Tube 1-1/32"";Lower Tube 2-1/32"""
PKPENXEDGM,Slimline Pro EDC Gun Metal Click Pen Kit,PK-PENXXBU,Slimline Pro Pen Kits,8mm,"Upper Tube 1-7/8"";Lower Tube 1-7/8"""
PKPENXXBT,Slimline Pro Gun Metal Click Pen Kit,PK-PENXXBU,Slimline Pro Pen Kits,8mm,"Upper Tube 1-1/32"";Lower Tube 2-1/32"""
PKPENXXCH,Slimline Pro Chrome Pen Kit,PK-PENXXBU,Slimline Pro Pen Kits,8mm,"Upper Tube 1-1/32"";Lower Tube 2-1/32"""
PK-PENXX,Slimline Pro Gold Click Pen Kit,PK-PENXXBU,Slimline Pro Pen Kits,8mm,"Upper Tube 1-1/32"";Lower Tube 2-1/32"""
PK-PENXXS,Slimline Pro Brushed Satin Click Pen Kit,PK-PENXXBU,Slimline Pro Pen Kits,8mm,"Upper Tube 1-1/32"";Lower Tube 2-1/32"""
PKPERF,Perfume 24kt Gold Pen Kit,PKPERF-BU,Perfume Kits,5/16in,Tube 2-29/32”;Tube 31/32”
PKPISTCH,Piston Pen Kit in Chrome with Brass Wheels,PKCP3000BU,Piston Pen Kits,3/8in,Tube 2-17/32”
PKPICKLEAP,Pickleball Antique Pewter Twist Pen Kit,PKHOCKBU,Pickleball Pen Kits,3/8in,Upper Tube 1.653”;Lower Tube 1.715”
PKPICKLEAB,Pickleball Antique Brass Twist Pen Kit,PKHOCKBU,Pickleball Pen Kits,3/8in,Upper Tube 1.653”;Lower Tube 1.715”
PKPISTGM,Piston Pen Kit in Gun Metal with Gun Metal Wheels,PKCP3000BU,Piston Pen Kits,3/8in,Tube 2-17/32”
PKPISTBR,Piston Pen Kit in Brass with Oil Rubbed Bronze Wheels,PKCP3000BU,Piston Pen Kits,3/8in,Tube 2-17/32”
PKPISTORB,Piston Pen Kit in Oil Rubbed Bronze with Brass Wheels,PKCP3000BU,Piston Pen Kits,3/8in,Tube 2-17/32”
PKPOLICE24,Police Click Pen Kit in Matte  Gold,PKPOLICEBU,Police Pen Kits,3/8in,Tube 2.212”
PKPPENCH,American Patriot Chrome Twist Pen Kit,PKPPENBU,American Patriot Pen Kits,3/8in,Lower Tube / Barrel 1.63”;Upper Tube / Barrel 1.260”
PKPPENAB,American Patriot Antique Brass Twist Pen Kit,PKPPENBU,American Patriot Pen Kits,3/8in,Lower Tube / Barrel 1.63”;Upper Tube / Barrel 1.260”
PKPPENAP,American Patriot Antique Pewter Twist Pen Kit,PKPPENBU,American Patriot Pen Kits,3/8in,Lower Tube / Barrel 1.63”;Upper Tube / Barrel 1.260”
PKPOLICEGM,Police Click Pen Kit in Gun Metal,PKPOLICEBU,Police Pen Kits,3/8in,Tube 2.212”
PKPPRBCH,American Patriot Chrome Rollerball Pen Kit,PKPPRBBU,American Patriot Pen Kits,10.5mm,"Upper Tube 1.17"";Lower Tube 2.08"""
PKPOLICESG,Police Click Pen Kit in Satin Gun Metal,PKPOLICEBU,Police Pen Kits,3/8in,Tube 2.212”
PKPRFCH,Professional Chrome and Gold Twist Pen Kit,PKPRFBU,Professional Pen Kits,3/8in,Tube 2.800”
PKPROPCH,Propeller Chrome Twist Pen Kit,PKPROPBU,Airplane Pen Kits,3/8in,Upper Tube 1.773”;Lower Tube 1.773”
PKPROPAB,Propeller Antique Brass Twist Pen Kit,PKPROPBU,Airplane Pen Kits,NOT LISTED,Upper Tube 1.773”;Lower Tube 1.773”
PKPRPEN2,Princess Chrome with Pink Stones Pen Kit,PKPRPENBU,Princess Pen Kits,10mm;8mm,"Lower Tube 2.465"""
PKPRPEN1,Princess Chrome with Clear Stones Pen Kit,PKPRPENBU,Princess Pen Kits,8mm,"Lower Tube 2.465"""
PKPRPEN3,Princess Chrome with Blue Stones Pen Kit,PKPRPENBU,Princess Pen Kits,10mm;8mm,"Lower Tube 2.465"""
PKPROPGD,Propeller Golden Twist Pen Kit,PKPROPBU,Airplane Pen Kits,NOT LISTED,Upper Tube 1.773”;Lower Tube 1.773”
PKPROPAP,Propeller Antique Pewter Twist Pen Kit,PKPROPBU,Airplane Pen Kits,NOT LISTED,Upper Tube 1.773”;Lower Tube 1.773”
PKPRPEN4,Princess Gold with Clear Stones Pen Kit,PKPRPENBU,Princess Pen Kits,10mm;8mm,"Lower Tube 2.465"""
PKPRPEN98,4 Princess Twist Pen Kit Sampler Set,PKPRPENBU,Princess Pen Kits,10mm;8mm,"Lower Tube 2.465"";Upper Tube 1.496"""
PKPRTGD,Protura Golden Twist Pen Kit,PKKNBU,Protura Pen Kits,3/8in,Tube 2-29/32”
PKPRTCH,Protura Chrome Twist Pen Kit,PKKNBU,Protura Pen Kits,3/8in,Tube 2-29/32”
PKPRTGM,Protura Gun Metal Twist Pen Kit,PKKNBU,Protura Pen Kits,3/8in,Tube 2-29/32”
PKPT100RCH,Presimo Chrome and Satin Chrome Rollerball Pen Kit,PKPT100BU,Presimo Pen Kits,10mm,NOT FOUND
PKPT100FCH,Presimo Chrome and Satin Chrome Fountain Pen Kit,PKPT100BU,Presimo Pen Kits,10mm,NOT FOUND
PKPT100FRT,Presimo Etched Chrome Fountain Pen Kit,PKPT100BU,Presimo Pen Kits,10mm,NOT FOUND
PKPT100RRT,Presimo Etched Chrome Rollerball Pen Kit,PKPT100BU,Presimo Pen Kits,10mm,NOT FOUND
PKRAWFAL,RAW 6061 Aluminum Fountain Pen Kit,PKMAJSQBU,RAW Pen Kits,3/8in,"Tube 2.966"""
PKRAWBRC,RAW C3604 Brass Rollerball Pen Kit with Clip,PKMAJSQBU,RAW Pen Kits,3/8in,"Tube 2.966"""
PKRAWAL,RAW 6061-T6 Aluminum Rollerball Pen Kit,PKMAJSQBU,RAW Pen Kits,3/8in,"Tube 2.966"""
PKRAWFBR,RAW C3604 Brass Fountain Pen Kit,PKMAJSQBU,RAW Pen Kits,3/8in,"Tube 2.966"""
PKRAWBR,RAW C3604 Brass Rollerball Pen Kit,PKMAJSQBU,RAW Pen Kits,3/8in,"Tube 2.966"""
PKRAWFST,RAW 303 Stainless Steel Fountain Pen Kit,PKMAJSQBU,RAW Pen Kits,3/8in,"Tube 2.966"""
PKRAWFBRC,RAW C3604 Brass Fountain Pen Kit with Clip,PKMAJSQBU,RAW Pen Kits,3/8in,"Tube 2.966"""
PKRB1000,Rollester Gold Rollerball Pen Kit,PKCHPENBU,Rollester Pen Kits,3/8in,Tube / Barrel 3.30”
PKRAWST,RAW 303 Stainless Steel Rollerball Pen Kit,PKMAJSQBU,RAW Pen Kits,3/8in,"Tube 2.966"""
PKRB1020,Rollester Gun Metal Rollerball Pen Kit,PKCHPENBU,Rollester Pen Kits,3/8in,Tube / Barrel 3.30”
PKRB1010,Rollester Chrome with Chrome Cap Rollerball Pen Kit,PKCHPENBU,Rollester Pen Kits,3/8in,Tube / Barrel 3.30”
PKRB1015,Rollester Chrome with Black Cap Rollerball Pen Kit,PKCHPENBU,Rollester Pen Kits,3/8in,Tube / Barrel 3.30”
PKREVAB,Revolver Antique Brass Click Pen Kit,PKREVBU,Revolver Pen Kits,10mm,"Tube 1.694"""
PKREVAP,Revolver Antique Pewter Click Pen Kit,PKREVBU,Revolver Pen Kits,10mm,"Tube 1.694"""
PKREVCH,Revolver Chrome Click Pen Kit,PKREVBU,Revolver Pen Kits,10mm,"Tube 1.694"""
PKREVGM,Revolver Gun Metal Click Pen Kit,PKREVBU,Revolver Pen Kits,10mm,"Tube 1.694"""
PKRISEAB,Phoenix Rising Antique Brass Twist Pen Kit,PKVICBU,Phoenix Rising Pen Kits,3/8in,Tube / Barrel 2.67”
PKRISEAC,Phoenix Rising Antique Copper Twist Pen Kit,PKVICBU,Phoenix Rising Pen Kits,3/8in,Tube / Barrel 2.67”
PKRPENGM,Spartan Gun Metal Click Pen Kit,PKMAJSQBU,Spartan Pen Kits,3/8in,Tube / Barrel 2.79”
PKRISEAP,Phoenix Rising Antique Pewter Twist Pen Kit,PKVICBU,Phoenix Rising Pen Kits,3/8in,Tube / Barrel 2.67”
PKRPEN24,Spartan Gold Click Pen Kit,PKMAJSQBU,Spartan Pen Kits,3/8in,Tube / Barrel 2.79”
PKRYL24,Crown Jewel Golden Twist Pen Kit,PKNICK-BU,Crown Jewel Pen Kits,11/32in,Tube / Barrel 3-1/8”
PKRYLCH,Crown Jewel Chrome Twist Pen Kit,PKNICK-BU,Crown Jewel Pen Kits,11/32in,Tube / Barrel 3-1/8”
PKSAXACH,Saxa Chrome EDC Click Pen Kit,PKM-BUSH3,Saxa EDC Pen Kits,7mm,Tube 3.120”
PKSAXAGD,Saxa Golden EDC Click Pen Kit,PKM-BUSH3,Saxa EDC Pen Kits,7mm,Tube 3.120”
PKSAXAGM,Saxa Gun Metal EDC Click Pen Kit,PKM-BUSH3,Saxa EDC Pen Kits,7mm,Tube 3.120”
PKSAXALCH,Saxa Chrome EDC Pencil Kit,PKM-BUSH3,Saxa EDC Pen Kits,7mm,Tube 3.118”
PKSAXALGD,Saxa Golden EDC Pencil Kit,PKM-BUSH3,Saxa EDC Pen Kits,7mm,Tube 3.118”
PKSAXALGM,Saxa Gun Metal EDC Pencil Kit,PKM-BUSH3,Saxa EDC Pen Kits,7mm,Tube 3.118”
PKSCERAP,Soccer Antique Pewter Twist Pen Kit,PKSCERBU,Soccer Pen Kits,3/8in,Tube 3.205”
PKSCERGM,Soccer Gun Metal Twist Pen Kit,PKSCERBU,Soccer Pen Kits,3/8in,Tube 3.205”
PKSCERCH,Soccer Chrome Twist Pen Kit,PKSCERBU,Soccer Pen Kits,3/8in,Tube 3.205”
PKSC-PEN,Sculptured Gold Twist Pen Kit,PKSC-BU,Sculpted Pen Kits,8mm,"Tube 2.007"""
PKSC-PEN3,Sculpted Latticed Gold Twist Pen Kit,PKSC-BU,Sculpted Pen Kits,8mm,"Tube 2.007"""
PKSER22,Serpent 22kt Gold Twist Pen Kit,PKSERBU,Serpent Pen Kits,10.5mm,"Upper Tube 1-21/32"";Lower Tube 2-5/32"""
PKSERAB,Serpent Antique Brass Twist Pen Kit,PKSERBU,Serpent Pen Kits,10.5mm,"Upper Tube 1-21/32"";Lower Tube 2-5/32"""
PKSC-PEN4,Sculpted Floral Design Gold Twist Pen Kit,PKSC-BU,Sculpted Pen Kits,8mm,"Tube 2.007"""
PKSC-PEN6,Sculpted Arbor Gold Pen Kit,PKSC-BU,Sculpted Pen Kits,8mm,"Tube 2.007"""
PKSERAP,Serpent Antique Pewter Twist Pen Kit,PKSERBU,Serpent Pen Kits,10.5mm,"Upper Tube 1-21/32"";Lower Tube 2-5/32"""
PKSKULLAP,Skull Antique Pewter Twist Pen Kit,PKSKULLBU,Skull Pen Kits,3/8in,"Upper Tube / Barrel 1-3/8"";Lower Tube / Barrel 1-23/32"""
PKSKULLAB,Skull Antique Brass Twist Pen Kit,PKSKULLBU,Skull Pen Kits,3/8in,"Upper Tube / Barrel 1-3/8"";Lower Tube / Barrel 1-23/32"""
PKSHA24,Shake Pen Kit in 24kt Gold,PKSHAKEBU,Shake Pen Kits,10mm,Tube 2.125”
PKSHACH,Shake Pen Kit in Chrome,PKSHAKEBU,Shake Pen Kits,10mm,Tube 2.125”
PKSKULLCH,Skull Chrome Twist Pen Kit,PKSKULLBU,Skull Pen Kits,3/8in,"Upper Tube / Barrel 1-3/8"";Lower Tube / Barrel 1-23/32"""
PKSKULLGM,Skull Gun Metal Twist Pen Kit,PKSKULLBU,Skull Pen Kits,3/8in,"Upper Tube / Barrel 1-3/8"";Lower Tube / Barrel 1-23/32"""
PKSLFUN24,Funline Slimline Economy Gold Pen Kit,PKM-BUSH3,Funline Pen Kits,7mm,NOT FOUND
PKSLFUNCH,Funline Slimline Chrome Twist Pen Kit,PKM-BUSH3,Funline Pen Kits,7mm,NOT FOUND
PKSLFUNSG,Funline Slimline Satin Gold Twist Pen Kit,PKM-BUSH3,Funline Pen Kits,7mm,NOT FOUND
PKSLFUNGM,Funline Slimline Gun Metal Twist Pen Kit,PKM-BUSH3,Funline Pen Kits,7mm,NOT FOUND
PKSLFUNSP,Funline Slimline Satin Pearl Pen Kit,PKM-BUSH3,Funline Pen Kits,7mm,NOT FOUND
PKSLFUNCO,Funline Slimline Copper Twist Pen Kit,PKM-BUSH3,Funline Pen Kits,7mm,NOT FOUND
PKSLFUPL24,Funline Slimline Economy Gold Pencil Kit,PKM-BUSH3,Funline Pen Kits,7mm,Tube 2-1/32”
PKSLFUPLCH,Funline Slimline Chrome Pencil Kit,PKM-BUSH3,Funline Pen Kits,7mm,Tube 2-1/32”
PKSLFUPLCO,Funline Slimline Copper Pencil Kit,PKM-BUSH3,Funline Pen Kits,7mm,Tube 2-1/32”
PKSLX242,Chic-Line V2 Golden Twist Pen Kit,PKM-BUSH3,Chic-Line Pen Kits,7mm,Tube 2-1/32”
PKSLFUPLGM,Funline Slimline Gun Metal Pencil Kit,PKM-BUSH3,Funline Pen Kits,7mm,Tube 2-1/32”
PKSLXCH2,Chic-Line V2 Chrome Twist Pen Kit,PKM-BUSH3,Chic-Line Pen Kits,7mm,Tube 2-1/32”
PKSLXGM2,Chic-Line V2 Gun Metal Twist Pen Kit,PKM-BUSH3,Chic-Line Pen Kits,7mm,Tube 2-1/32”
PKSLXRG2,Chic-Line V2 Rose Gold Twist Pen Kit,PKM-BUSH3,Chic-Line Pen Kits,7mm,Tube 2-1/32”
PKSOPHAL,Sophro Capless Rollerball Aluminum Twist Pen Kit,PKSOPHBU,Sophro Pen Kits,10.5mm,Tube 3.108”
PKSOPHCH,Sophro Capless Rollerball Chrome Twist Pen Kit,PKSOPHBU,Sophro Pen Kits,10.5mm,Tube 3.108”
PKSPABORB,Steampump Pen Kit in Oil Rubbed Bronze and Antique Brass,PKSPBU,Steampunk Pen Kits,10mm,Tube 5-5/8”;Tube 2.169”
PKSPABAP,Steampump Pen Kit in Antique Brass and Antique Pewter,PKSPBU,Steampunk Pen Kits,10mm,Tube 5-5/8”;Tube 2.169”
PKSPCL,Workshop/Sketch Pencil Kit Chrome,PKSPCLBU,Workshop Sketch Pen &amp; Pencil Kits,11mm,"Tube 1.776"""
PKSPCL3C,Mini Sketch Chrome Pencil Kit: with 3mm lead,PKSPCL3BU,Workshop Sketch Pen &amp; Pencil Kits,8mm,Tube 3-1/4”
PKSPCL2BT,Deluxe Sketch Pen and Pencil Combo Kit in Gun Metal,PKSPCL2BU,Workshop Sketch Pen &amp; Pencil Kits,11mm,"Tube 2-11/16"""
PKSPCL2C,Deluxe Sketch Pen and Pencil Combo Kit in Chrome,PKSPCL2BU,Workshop Sketch Pen &amp; Pencil Kits,11mm,"Tube 2-11/16"""
PKSPPA,Steampunk Bolt Action Antique Brass and Antique Copper Pen Kit,PKVICBU,Steampunk Pen Kits,3/8in,"Tube / Barrel 1.85"""
PKSPPC,Steampunk Bolt Action Antique Copper and Antique Brass Pen Kit,PKVICBU,Steampunk Pen Kits,3/8in,"Tube / Barrel 1.85"""
PKSTLGM,Steam Locomotive Pen Kit in Gun Metal,PKPPENBU,Steam Locomotive Pen Kits,3/8in,Tube 2.271”
PKSTLAP,Steam Locomotive Pen Kit in Pewter,PKPPENBU,Steam Locomotive Pen Kits,3/8in,Tube 2.271”
PKTANKAP,Tank Antique Pewter Twist Pen Kit,PKTANKBU,Tank Pen Kits,3/8in,Tube / Barrel 2.8425”
PKSPPB,Steampunk Bolt Action Antique Pewter and Antique Copper Pen Kit,PKVICBU,Steampunk Pen Kits,3/8in,"Tube / Barrel 1.85"""
PKSWPAB,Southwest Antique Brass with Turquoise Stone Twist Pen Kit,PKSWPBU,Southwest Pen Kits,3/8in,Lower Tube / Barrel 1.915”;Upper Tube / Barrel 1.495”
PKSWPAP,Southwest Antique Pewter with Turquoise Stone Twist Pen Kit,PKSWPBU,Southwest Pen Kits,3/8in,Lower Tube / Barrel 1.915”;Upper Tube / Barrel 1.495”
PKTEECH,Tee Time Golf Chrome Twist Pen Kit,PKBASKETBU,Golf Pen Kits,3/8in,Tube 3.268”
PKTANKAB,Tank Antique Brass Twist Pen Kit,PKTANKBU,Tank Pen Kits,3/8in,Tube / Barrel 2.8425”
PKTANKGR,Tank OD Green Twist Pen Kit,PKTANKBU,Tank Pen Kits,3/8in,Tube / Barrel 2.8425”
PKTEEGD,Tee Time Golf Golden Twist Pen Kit,PKBASKETBU,Golf Pen Kits,3/8in,Tube 3.268”
PKTEACH,Teachers 24kt Gold Twist Pen Kit,PKM-BUSH3,Specialty Pen Kits,7mm,"End Tube 13/16"";Center Tube 2-3/16"""
PKTPEN24,Bolt Action Gold Tec-Pen Kit,PKTPENBU,Bolt Action Pen Kits,8mm,Tube / Barrel 2.50”
PKTPENAB,Bolt Action Antique Brass Tec-Pen Kit,PKTPENBU,Bolt Action Pen Kits,8mm,Tube / Barrel 2.50”
PKTPENCH,Bolt Action Chrome Tec-Pen Kit,PKTPENBU,Bolt Action Pen Kits,8mm,Tube / Barrel 2.50”
PKTPENGM,Bolt Action Gun Metal Tec-Pen Kit,PKTPENBU,Bolt Action Pen Kits,8mm,Tube / Barrel 2.50”
PKTSPEN24,Touch Stylus Pen Kit in Gold,PKM-BUSH3,Stylus Pen Kits,7mm,Tube / Barrel 1-29/32”
PKTST24,Touch Stylus Kit in Gold,PKM-BUSH3,Stylus Pen Kits,7mm,Tube / Barrel 3-3/16”
PKTSPENCH,Touch Stylus Pen Kit in Chrome,PKM-BUSH3,Stylus Pen Kits,7mm,Tube / Barrel 1-29/32”
PKTSPENGM,Touch Stylus Pen Kit in Gun Metal,PKM-BUSH3,Stylus Pen Kits,7mm,Tube / Barrel 1-29/32”
PKTSTCH,Touch Stylus Kit in Chrome,PKM-BUSH3,Stylus Pen Kits,7mm,Tube / Barrel 3-3/16”
PKTYRB24,Tycoon Gold Rollerball Pen Kit,PKTYBU,Tycoon Pen Kits,15/32in;25/64in,"Upper Tube 1-3/16"";Lower Tube 2-1/8"""
PKTYFP24,Tycoon Gold Fountain Pen Kit,PKTYBU,Tycoon Pen Kits,15/32in;25/64in,"Upper Tube 1-3/16"";Lower Tube 2-1/8"""
PKTYRBP,Tycoon Chrome Rollerball Pen Kit,PKTYBU,Tycoon Pen Kits,15/32in;25/64in,"Upper Tube 1-3/16"";Lower Tube 2-1/8"""
PKVEPGM,Vesper Gun Metal Click Pen Kit,PKVESBU,Vesper Pen Kits,10mm,Tube / Barrel 2.28”
PKVEPCH,Vesper Chrome Click Pen Kit,PKVESBU,Vesper Pen Kits,10mm,Tube / Barrel 2.28”
PKVEP24,Vesper 24kt Gold Click Pen Kit,PKVESBU,Vesper Pen Kits,10mm,Tube / Barrel 2.28”
PKVIC24,Victorian Golden Twist Pen Kit,PKVICBU,Victorian Pen Kits,3/8in,Tube / Barrel 1-11/32”
PKVICAB,Victorian Antique Brass Twist Pen Kit,PKVICBU,Victorian Pen Kits,3/8in,Tube / Barrel 1-11/32”
PKVICAP,Victorian Antique Pewter Twist Pen Kit,PKVICBU,Victorian Pen Kits,3/8in,Tube / Barrel 1-11/32”
PKWESTAC,Cowboy Antique Copper Twist Pen Kit,PKWESTBU,Cowboy Pen Kits,8mm,"Lower Tube 1.42"";Upper Tube 1.7"""
PKVICFPAB,Victorian Fountain Antique Brass Gold Pen Kit,PKVICRBU,Victorian Pen Kits,10.5mm;12.5mm,Tube / Barrel 2-9/32”;Tube / Barrel 1.37”
PKWESTAP,Cowboy Antique Pewter Twist Pen Kit,PKWESTBU,Cowboy Pen Kits,8mm,"Lower Tube 1.42"";Upper Tube 1.7"""
PKXM24,Trimline 24kt Gold Twist Pen Kit,PKXMBU,Trimline Pen Kits,7mm,"Upper Tube 2-3/32"";Lower Tube 2-3/32"""
PKXMCH,Trimline Chrome Twist Pen Kit,PKXMBU,Trimline Pen Kits,7mm,"Upper Tube 2-3/32"";Lower Tube 2-3/32"""
PKXMGM,Trimline Gun Metal Twist Pen Kit,PKXMBU,Trimline Pen Kits,7mm,"Upper Tube 2-3/32"";Lower Tube 2-3/32"""
PKXMPLGM,Trimline Gun Metal Pencil Kit,PKXMBU,Trimline Pen Kits,7mm,Tube 2.0”
PKYOGA24,Yoga 24kt Gold Twist Pen Kit,PKYOGABU,Yoga Pen Kits,3/8in,"Lower Tube 1.954"";Upper Tube 1.49"""
PKYOGACH,Yoga Chrome Twist Pen Kit,PKYOGABU,Yoga Pen Kits,3/8in,"Lower Tube 1.954"";Upper Tube 1.49"""
PKYOGAORB,Yoga Oil Rubbed Bronze Twist Pen Kit,PKYOGABU,Yoga Pen Kits,3/8in,"Lower Tube 1.954"";Upper Tube 1.49"""
